Collection Date,Tick ID,Life Stage ,Sex,Site,Combined ID,Day,Quested?,Max Height Quested (cm),Questing Height Average,Total Time Spent Questing,Average Duration Spent on a quest (sec),Infection Status ,Bacterial Species ,Notes,
5/5/2020,MS1,Nymph,NA,MS,43956 MS1,Day 1,Yes,39,38,15,7.5,Negative ,,,
5/5/2020,MS1,Nymph,NA,MS,43956 MS1,Day 2,Yes,55,40.1,400,57.1,Negative ,,,
5/5/2020,MS1,Nymph,NA,MS,43956 MS1,Day 3,No,0,0,0,0,Negative ,,,
5/5/2020,MS2,Nymph,NA,MS,43956 MS2,Day 1,No,0,0,0,0,Positive,R. amblyommatis,,
5/5/2020,MS2,Nymph,NA,MS,43956 MS2,Day 2,No,0,0,0,0,Positive,,,
5/5/2020,MS2,Nymph,NA,MS,43956 MS2,Day 3,No,0,0,0,0,Positive,,,
5/5/2020,MS3,Adult,Female,MS,43956 MS3,Day 1,No,0,0,0,0,Negative ,,,
5/5/2020,MS3,Adult,Female,MS,43956 MS3,Day 2,Yes,50,25.9,199,22.1,Negative ,,,
5/5/2020,MS3,Adult,Female,MS,43956 MS3,Day 3,No,0,0,0,0,Negative ,,,
5/5/2020,MS4,Adult,Male,MS,43956 MS4,Day 1,No,0,0,0,0,Positive,R. amblyommatis,,
5/5/2020,MS4,Adult,Male,MS,43956 MS4,Day 2,No,0,0,0,0,Positive,R. amblyommatis,,
5/5/2020,MS4,Adult,Male,MS,43956 MS4,Day 3,No,0,0,0,0,Positive,R. amblyommatis,,
5/5/2020,MS5,Adult,Male,MS,43956 MS5,Day 1,No,0,0,0,0,Positive,R. amblyommatis,,
5/5/2020,MS5,Adult,Male,MS,43956 MS5,Day 2,No,0,0,0,0,Positive,R. amblyommatis,,
5/5/2020,MS5,Adult,Male,MS,43956 MS5,Day 3,No,0,0,0,0,Positive,R. amblyommatis,,
5/5/2020,MS6,Nymph,NA,MS,43956 MS6,Day 1,Yes,53,31.8,175,43.8,Negative ,,,
5/5/2020,MS6,Nymph,NA,MS,43956 MS6,Day 2,Yes,1,1,111,111,Negative ,,,
5/5/2020,MS6,Nymph,NA,MS,43956 MS6,Day 3,No,0,0,0,0,Negative ,,,
5/5/2020,MS7,Nymph,NA,MS,43956 MS7,Day 1,Yes,36,36,16,16,Negative ,,,
5/5/2020,MS7,Nymph,NA,MS,43956 MS7,Day 2,Yes,16,16,48,48,Negative ,,,
5/5/2020,MS7,Nymph,NA,MS,43956 MS7,Day 3,Yes,3,3,15,15,Negative ,,,
5/5/2020,MS8,Adult,Male,MS,43956 MS8,Day 1,No,0,0,0,0,Negative ,,,
5/5/2020,MS8,Adult,Male,MS,43956 MS8,Day 2,No,0,0,0,0,Negative ,,,
5/5/2020,MS8,Adult,Male,MS,43956 MS8,Day 3,Yes,1,1,218,218,Negative ,,,
5/5/2020,MS9,Nymph,NA,MS,43956 MS9,Day 1,Yes,18,8,106,35.3,Positive,R. amblyommatis,,
5/5/2020,MS9,Nymph,NA,MS,43956 MS9,Day 2,No,0,0,0,0,Positive,R. amblyommatis,,
5/5/2020,MS9,Nymph,NA,MS,43956 MS9,Day 3,No,0,0,0,0,Positive,R. amblyommatis,,
5/5/2020,MS10,Adult,Female,MS,43956 MS10,Day 1,No,0,0,0,0,Positive,R. amblyommatis,,
5/5/2020,MS10,Adult,Female,MS,43956 MS10,Day 2,No,0,0,0,0,Positive,R. amblyommatis,,
5/5/2020,MS10,Adult,Female,MS,43956 MS10,Day 3,No,0,0,0,0,Positive,R. amblyommatis,,
5/5/2020,MS11,Nymph,NA,MS,43956 MS11,Day 1,No,0,0,0,0,Negative ,,,
5/5/2020,MS11,Nymph,NA,MS,43956 MS11,Day 2,Yes,49,27.6,191,22.2,Negative ,,,
5/5/2020,MS11,Nymph,NA,MS,43956 MS11,Day 3,Yes,5,4.5,6,3,Negative ,,,
5/5/2020,MS12,Nymph,NA,MS,43956 MS12,Day 1,No,0,0,0,0,Negative ,,,
5/5/2020,MS12,Nymph,NA,MS,43956 MS12,Day 2,No,0,0,0,0,Negative ,,,
5/5/2020,MS12,Nymph,NA,MS,43956 MS12,Day 3,No,0,0,0,0,Negative ,,,
5/5/2020,MS13,Nymph,NA,MS,43956 MS13,Day 1,No,0,0,0,0,Negative ,,,
5/5/2020,MS13,Nymph,NA,MS,43956 MS13,Day 2,No,0,0,0,0,Negative ,,,
5/5/2020,MS13,Nymph,NA,MS,43956 MS13,Day 3,No,0,0,0,0,Negative ,,,
5/5/2020,MS14,Adult,Male,MS,43956 MS14,Day 1,No,0,0,0,0,Negative ,,,
5/5/2020,MS14,Adult,Male,MS,43956 MS14,Day 2,Yes,20,18.5,433,216.5,Negative ,,,
5/5/2020,MS14,Adult,Male,MS,43956 MS14,Day 3,No,0,0,0,0,Negative ,,,
5/5/2020,MS15,Nymph,NA,MS,43956 MS15,Day 1,No,0,0,0,0,Negative ,,,
5/5/2020,MS15,Nymph,NA,MS,43956 MS15,Day 2,No,0,0,0,0,Negative ,,,
5/5/2020,MS15,Nymph,NA,MS,43956 MS15,Day 3,No,0,0,0,0,Negative ,,,
5/5/2020,MS16,Nymph,NA,MS,43956 MS16,Day 1,No,0,0,0,0,Negative ,,,
5/5/2020,MS16,Nymph,NA,MS,43956 MS16,Day 2,No,0,0,0,0,Negative ,,,
5/5/2020,MS16,Nymph,NA,MS,43956 MS16,Day 3,No,0,0,0,0,Negative ,,,
5/5/2020,MS17,Adult,Female,MS,43956 MS17,Day 1,No,0,0,0,0,Positive,R. amblyommatis,,
5/5/2020,MS17,Adult,Female,MS,43956 MS17,Day 2,No,0,0,0,0,Positive,R. amblyommatis,,
5/5/2020,MS17,Adult,Female,MS,43956 MS17,Day 3,No,0,0,0,0,Positive,R. amblyommatis,,
5/5/2020,MS18,Nymph,NA,MS,43956 MS18,Day 1,No,0,0,0,0,Negative ,,,
5/5/2020,MS18,Nymph,NA,MS,43956 MS18,Day 2,Yes,55,55,19,9.5,Negative ,,,
5/5/2020,MS18,Nymph,NA,MS,43956 MS18,Day 3,Yes,55,35.3,44,7.3,Negative ,,,
5/5/2020,MS19,Nymph,NA,MS,43956 MS19,Day 1,Yes,55,45.5,32,16,Negative ,,,
5/5/2020,MS19,Nymph,NA,MS,43956 MS19,Day 2,Yes,17,17,68,68,Negative ,,,
5/5/2020,MS19,Nymph,NA,MS,43956 MS19,Day 3,NA,NA,NA,NA,NA,Negative ,,,
5/5/2020,MS20,Nymph,NA,MS,43956 MS20,Day 1,No,0,0,0,0,Negative ,,,
5/5/2020,MS20,Nymph,NA,MS,43956 MS20,Day 2,No,0,0,0,0,Negative ,,,
5/5/2020,MS20,Nymph,NA,MS,43956 MS20,Day 3,No,0,0,0,0,Negative ,,,
5/5/2020,MS21,Adult,Male,MS,43956 MS21,Day 1,No,0,0,0,0,Positive,R. amblyommatis,,
5/5/2020,MS21,Adult,Male,MS,43956 MS21,Day 2,Yes,21,17.5,75,37.5,Positive,R. amblyommatis,,
5/5/2020,MS21,Adult,Male,MS,43956 MS21,Day 3,Yes,55,27.5,58,9.7,Positive,R. amblyommatis,,
5/5/2020,MS22,Nymph,NA,MS,43956 MS22,Day 1,Yes,26,25.5,404,202,Negative ,,,
5/5/2020,MS22,Nymph,NA,MS,43956 MS22,Day 2,No,0,0,0,0,Negative ,,,
5/5/2020,MS22,Nymph,NA,MS,43956 MS22,Day 3,No,0,0,0,0,Negative ,,,
5/5/2020,MS23,Nymph,NA,MS,43956 MS23,Day 1,No,0,0,0,0,Negative ,,,
5/5/2020,MS23,Nymph,NA,MS,43956 MS23,Day 2,No,0,0,0,0,Negative ,,,
5/5/2020,MS23,Nymph,NA,MS,43956 MS23,Day 3,No,0,0,0,0,Negative ,,,
5/5/2020,MS24,Nymph,NA,MS,43956 MS24,Day 1,No,0,0,0,0,Negative ,,,
5/5/2020,MS24,Nymph,NA,MS,43956 MS24,Day 2,Yes,26,16,72,24,Negative ,,,
5/5/2020,MS24,Nymph,NA,MS,43956 MS24,Day 3,No,0,0,0,0,Negative ,,,
5/5/2020,MS25,Adult,Male,MS,43956 MS25,Day 1,No,0,0,0,0,Negative ,,,
5/5/2020,MS25,Adult,Male,MS,43956 MS25,Day 2,No,0,0,0,0,Negative ,,,
5/5/2020,MS25,Adult,Male,MS,43956 MS25,Day 3,No,0,0,0,0,Negative ,,,
5/5/2020,MS26,Adult,Female,MS,43956 MS26,Day 1,No,0,0,0,0,Negative ,,,
5/5/2020,MS26,Adult,Female,MS,43956 MS26,Day 2,No,0,0,0,0,Negative ,,,
5/5/2020,MS26,Adult,Female,MS,43956 MS26,Day 3,No,0,0,0,0,Negative ,,,
5/5/2020,MS27,Nymph,NA,MS,43956 MS27,Day 1,Yes,50,30.2,252,50.4,Negative ,,,
5/5/2020,MS27,Nymph,NA,MS,43956 MS27,Day 2,Yes,50,30.2,252,50.4,Negative ,,,
5/5/2020,MS27,Nymph,NA,MS,43956 MS27,Day 3,No,0,0,0,0,Negative ,,,
5/5/2020,MS28,Adult,Male,MS,43956 MS28,Day 1,Yes,55,32.7,10,3.3,Negative ,,,
5/5/2020,MS28,Adult,Male,MS,43956 MS28,Day 2,Yes,49,35.2,68,11.3,Negative ,,,
5/5/2020,MS28,Adult,Male,MS,43956 MS28,Day 3,Yes,17,14.5,27,13.5,Negative ,,,
5/5/2020,MS29,Nymph,NA,MS,43956 MS29,Day 1,Yes,55,45.5,11,5.5,Negative ,,,
5/5/2020,MS29,Nymph,NA,MS,43956 MS29,Day 2,Yes,55,51,193,96.5,Negative ,,,
5/5/2020,MS29,Nymph,NA,MS,43956 MS29,Day 3,Yes,37,30.75,339,84.8,Negative ,,,
5/5/2020,MS30,Nymph,NA,MS,43956 MS30,Day 1,No,0,0,0,0,Positive,R. amblyommatis,,
5/5/2020,MS30,Nymph,NA,MS,43956 MS30,Day 2,No,0,0,0,0,Positive,R. amblyommatis,,
5/5/2020,MS30,Nymph,NA,MS,43956 MS30,Day 3,Yes,55,39.2,135,27,Positive,R. amblyommatis,,
5/5/2020,MS31,Nymph,NA,MS,43956 MS31,Day 1,No,0,0,0,0,Positive,R. amblyommatis,,
5/5/2020,MS31,Nymph,NA,MS,43956 MS31,Day 2,No,0,0,0,0,Positive,R. amblyommatis,,
5/5/2020,MS31,Nymph,NA,MS,43956 MS31,Day 3,No,0,0,0,0,Positive,R. amblyommatis,,
5/5/2020,MS32,Nymph,NA,MS,43956 MS32,Day 1,Yes,46,25.3,45,15,Positive,R. amblyommatis,,
5/5/2020,MS32,Nymph,NA,MS,43956 MS32,Day 2,No,0,0,0,0,Positive,R. amblyommatis,,
5/5/2020,MS32,Nymph,NA,MS,43956 MS32,Day 3,No,0,0,0,0,Positive,R. amblyommatis,,
5/5/2020,MS33,Nymph,NA,MS,43956 MS33,Day 1,Yes,55,55,10,3.3,Positive,R. amblyommatis,,
5/5/2020,MS33,Nymph,NA,MS,43956 MS33,Day 2,Yes,55,44,75,25,Positive,R. amblyommatis,,
5/5/2020,MS33,Nymph,NA,MS,43956 MS33,Day 3,No,,,,,Positive,R. amblyommatis,,
5/5/2020,MS34,Adult,Male,MS,43956 MS34,Day 1,Yes,26,25,206,68.7,Positive,R. amblyommatis,,
5/5/2020,MS34,Adult,Male,MS,43956 MS34,Day 2,Yes,55,51,423,70.5,Positive,R. amblyommatis,,
5/5/2020,MS34,Adult,Male,MS,43956 MS34,Day 3,No,0,0,0,0,Positive,R. amblyommatis,,
5/5/2020,MS35,Nymph,NA,MS,43956 MS35,Day 1,Yes,55,39.1,137,13.7,Negative ,,,
5/5/2020,MS35,Nymph,NA,MS,43956 MS35,Day 2,No,0,0,0,0,Negative ,,,
5/5/2020,MS35,Nymph,NA,MS,43956 MS35,Day 3,No,0,0,0,0,Negative ,,,
5/5/2020,MS36,Nymph,NA,MS,43956 MS36,Day 1,Yes,55,38.7,90,15,Positive,R. amblyommatis,,
5/5/2020,MS36,Nymph,NA,MS,43956 MS36,Day 2,No,0,0,0,0,Positive,R. amblyommatis,,
5/5/2020,MS36,Nymph,NA,MS,43956 MS36,Day 3,No,0,0,0,0,Positive,R. amblyommatis,,
5/5/2020,MS37,Nymph,NA,MS,43956 MS37,Day 1,No,0,0,0,0,Negative ,,,
5/5/2020,MS37,Nymph,NA,MS,43956 MS37,Day 2,No,0,0,0,0,Negative ,,,
5/5/2020,MS37,Nymph,NA,MS,43956 MS37,Day 3,No,0,0,0,0,Negative ,,,
5/5/2020,MS38,Nymph,NA,MS,43956 MS38,Day 1,No,0,0,0,0,Negative ,,,
5/5/2020,MS38,Nymph,NA,MS,43956 MS38,Day 2,No,0,0,0,0,Negative ,,,
5/5/2020,MS38,Nymph,NA,MS,43956 MS38,Day 3,Yes,39,28.6,68,13.6,Negative ,,,
5/5/2020,MS39,Adult,Male,MS,43956 MS39,Day 1,No,0,0,0,0,Positive,R. amblyommatis,,
5/5/2020,MS39,Adult,Male,MS,43956 MS39,Day 2,No,0,0,0,0,Positive,R. amblyommatis,,
5/5/2020,MS39,Adult,Male,MS,43956 MS39,Day 3,No,0,0,0,0,Positive,R. amblyommatis,,
5/5/2020,MS40,Adult,Female,MS,43956 MS40,Day 1,No,0,0,0,0,Negative ,,,
5/5/2020,MS40,Adult,Female,MS,43956 MS40,Day 2,No,0,0,0,0,Negative ,,,
5/5/2020,MS40,Adult,Female,MS,43956 MS40,Day 3,No,0,0,0,0,Negative ,,,
5/5/2020,MS41,Adult,Male,MS,43956 MS41,Day 1,Yes,55,55,26,6.5,Negative ,,,
5/5/2020,MS41,Adult,Male,MS,43956 MS41,Day 2,Yes,20,10.6,105,21,Negative ,,,
5/5/2020,MS41,Adult,Male,MS,43956 MS41,Day 3,No,,,,,Negative ,,,
5/5/2020,MS42,Nymph,NA,MS,43956 MS42,Day 1,Yes,12,12,17,17,Negative ,,,
5/5/2020,MS42,Nymph,NA,MS,43956 MS42,Day 2,No,0,0,0,0,Negative ,,,
5/5/2020,MS42,Nymph,NA,MS,43956 MS42,Day 3,No,0,0,0,0,Negative ,,,
5/5/2020,MS43,Nymph,NA,MS,43956 MS43,Day 1,Yes,3,3,7,7,Negative ,,,
5/5/2020,MS43,Nymph,NA,MS,43956 MS43,Day 2,No,0,0,0,0,Negative ,,,
5/5/2020,MS43,Nymph,NA,MS,43956 MS43,Day 3,No,0,0,0,0,Negative ,,,
5/5/2020,MS44,Adult,Female,MS,43956 MS44,Day 1,No,0,0,0,0,Negative ,,,
5/5/2020,MS44,Adult,Female,MS,43956 MS44,Day 2,No,0,0,0,0,Negative ,,,
5/5/2020,MS44,Adult,Female,MS,43956 MS44,Day 3,No,0,0,0,0,Negative ,,,
5/5/2020,MS45,Adult,Male,MS,43956 MS45,Day 1,No,0,0,0,0,Negative ,,,
5/5/2020,MS45,Adult,Male,MS,43956 MS45,Day 2,Yes,50,29.7,397,66.2,Negative ,,,
5/5/2020,MS45,Adult,Male,MS,43956 MS45,Day 3,Yes,41,25.8,283,47.2,Negative ,,,
5/5/2020,MS46,Nymph,NA,MS,43956 MS46,Day 1,No,0,0,0,0,Negative ,,,
5/5/2020,MS46,Nymph,NA,MS,43956 MS46,Day 2,No,0,0,0,0,Negative ,,,
5/5/2020,MS46,Nymph,NA,MS,43956 MS46,Day 3,No,0,0,0,0,Negative ,,,
5/5/2020,MS47,Nymph,NA,MS,43956 MS47,Day 1,Yes,55,40.3,10,2.5,Negative ,,,
5/5/2020,MS47,Nymph,NA,MS,43956 MS47,Day 2,Yes,40,19.8,105,17.5,Negative ,,,
5/5/2020,MS47,Nymph,NA,MS,43956 MS47,Day 3,Yes,52,50,23,11.5,Negative ,,,
5/5/2020,MS48,Nymph,NA,MS,43956 MS48,Day 1,No,0,0,0,0,Negative ,,,
5/5/2020,MS48,Nymph,NA,MS,43956 MS48,Day 2,No,0,0,0,0,Negative ,,,
5/5/2020,MS48,Nymph,NA,MS,43956 MS48,Day 3,Yes,53,37,161,40.3,Negative ,,,
5/5/2020,MS49,Nymph,NA,MS,43956 MS49,Day 1,No,0,0,0,0,Positive,R. amblyommatis,,
5/5/2020,MS49,Nymph,NA,MS,43956 MS49,Day 2,No,0,0,0,0,Positive,R. amblyommatis,,
5/5/2020,MS49,Nymph,NA,MS,43956 MS49,Day 3,No,0,0,0,0,Positive,R. amblyommatis,,
5/5/2020,MS50,Adult,Female,MS,43956 MS50,Day 1,No,0,0,0,0,Positive,R. amblyommatis,,
5/5/2020,MS50,Adult,Female,MS,43956 MS50,Day 2,No,0,0,0,0,Positive,R. amblyommatis,,
5/5/2020,MS50,Adult,Female,MS,43956 MS50,Day 3,No,0,0,0,0,Positive,R. amblyommatis,,
5/5/2020,MS51,Adult,Female,MS,43956 MS51,Day 1,No,0,0,0,0,Negative ,,,
5/5/2020,MS51,Adult,Female,MS,43956 MS51,Day 2,No,0,0,0,0,Negative ,,,
5/5/2020,MS51,Adult,Female,MS,43956 MS51,Day 3,No,0,0,0,0,Negative ,,,
5/5/2020,MS52,Adult,Female,MS,43956 MS52,Day 1,No,0,0,0,0,Negative ,,,
5/5/2020,MS52,Adult,Female,MS,43956 MS52,Day 2,Yes,7,7,241,241,Negative ,,,
5/5/2020,MS52,Adult,Female,MS,43956 MS52,Day 3,Yes,23,14,512,170.7,Negative ,,,
5/5/2020,MS53,Nymph,NA,MS,43956 MS53,Day 1,Yes,55,43.3,90,22.5,Negative ,,,
5/5/2020,MS53,Nymph,NA,MS,43956 MS53,Day 2,No,0,0,0,0,Negative ,,,
5/5/2020,MS53,Nymph,NA,MS,43956 MS53,Day 3,No,0,0,0,0,Negative ,,,
5/5/2020,MS54,Nymph,NA,MS,43956 MS54,Day 1,No,0,0,0,0,Negative ,,,
5/5/2020,MS54,Nymph,NA,MS,43956 MS54,Day 2,No,0,0,0,0,Negative ,,,
5/5/2020,MS54,Nymph,NA,MS,43956 MS54,Day 3,No,0,0,0,0,Negative ,,,
5/5/2020,MS55,Nymph,NA,MS,43956 MS55,Day 1,Yes,27,27,2,2,Negative ,,,
5/5/2020,MS55,Nymph,NA,MS,43956 MS55,Day 2,No,0,0,0,0,Negative ,,,
5/5/2020,MS55,Nymph,NA,MS,43956 MS55,Day 3,No,0,0,0,0,Negative ,,,
5/5/2020,MS56,Adult,Male,MS,43956 MS56,Day 1,No,0,0,0,0,Negative ,,,
5/5/2020,MS56,Adult,Male,MS,43956 MS56,Day 2,No,0,0,0,0,Negative ,,,
5/5/2020,MS56,Adult,Male,MS,43956 MS56,Day 3,No,0,0,0,0,Negative ,,,
5/5/2020,MS57,Adult,Female,MS,43956 MS57,Day 1,No,0,0,0,0,Positive,R. amblyommatis,,
5/5/2020,MS57,Adult,Female,MS,43956 MS57,Day 2,Yes,38,29.7,317,105.7,Positive,R. amblyommatis,,
5/5/2020,MS57,Adult,Female,MS,43956 MS57,Day 3,No,0,0,0,0,Positive,R. amblyommatis,,
5/5/2020,MS58,Adult,Male,MS,43956 MS58,Day 1,No,0,0,0,0,Negative ,,,
5/5/2020,MS58,Adult,Male,MS,43956 MS58,Day 2,No,0,0,0,0,Negative ,,,
5/5/2020,MS58,Adult,Male,MS,43956 MS58,Day 3,No,0,0,0,0,Negative ,,,
5/5/2020,MS59,Nymph,NA,MS,43956 MS59,Day 1,No,0,0,0,0,Negative ,,,
5/5/2020,MS59,Nymph,NA,MS,43956 MS59,Day 2,Yes,47,30.5,6,3,Negative ,,,
5/5/2020,MS59,Nymph,NA,MS,43956 MS59,Day 3,No,0,0,0,0,Negative ,,,
5/5/2020,MS60,Adult,Male,MS,43956 MS60,Day 1,No,0,0,0,0,Positive,R. amblyommatis,,
5/5/2020,MS60,Adult,Male,MS,43956 MS60,Day 2,No,0,0,0,0,Positive,R. amblyommatis,,
5/5/2020,MS60,Adult,Male,MS,43956 MS60,Day 3,Yes,34,20.5,5,2.5,Positive,R. amblyommatis,,
5/5/2020,MS61,Nymph,NA,MS,43956 MS61,Day 1,No,0,0,0,0,Positive,R. amblyommatis,,
5/5/2020,MS61,Nymph,NA,MS,43956 MS61,Day 2,No,0,0,0,0,Positive,R. amblyommatis,,
5/5/2020,MS61,Nymph,NA,MS,43956 MS61,Day 3,No,0,0,0,0,Positive,R. amblyommatis,,
5/12/2020,CW1,Adult,Female,CW,43963 CW1,Day 1,Yes,39,26.6,66,13.2,Positive,R. amblyommatis,,
5/12/2020,CW1,Adult,Female,CW,43963 CW1,Day 2,Yes,31,18.1,308,44,Positive,R. amblyommatis,,
5/12/2020,CW1,Adult,Female,CW,43963 CW1,Day 3,Yes,24,12.3,15,3.8,Positive,R. amblyommatis,,
5/12/2020,CW2,Nymph,NA,CW,43963 CW2,Day 1,Yes,54,41,128,25.6,Negative ,,,
5/12/2020,CW2,Nymph,NA,CW,43963 CW2,Day 2,Yes,42,27.7,487,162.3,Negative ,,,
5/12/2020,CW2,Nymph,NA,CW,43963 CW2,Day 3,Yes,20,20,2,2,Negative ,,,
5/12/2020,CW3,Nymph,NA,CW,43963 CW3,Day 1,No,0,0,0,0,Positive,,,
5/12/2020,CW3,Nymph,NA,CW,43963 CW3,Day 2,No,0,0,0,0,Positive,,,
5/12/2020,CW3,Nymph,NA,CW,43963 CW3,Day 3,No,0,0,0,0,Positive,,,
5/12/2020,CW4,Adult,Male,CW,43963 CW4,Day 1,No,0,0,0,0,Negative ,,,
5/12/2020,CW4,Adult,Male,CW,43963 CW4,Day 2,Yes,26,26,82,82,Negative ,,,
5/12/2020,CW4,Adult,Male,CW,43963 CW4,Day 3,No,0,0,0,0,Negative ,,,
5/12/2020,CW5,Adult,Female,CW,43963 CW5,Day 1,No,0,0,0,0,Negative ,,,
5/12/2020,CW5,Adult,Female,CW,43963 CW5,Day 2,Yes,27,16.3,63,15.8,Negative ,,,
5/12/2020,CW5,Adult,Female,CW,43963 CW5,Day 3,Yes,32,31.5,21,10.5,Negative ,,,
5/12/2020,CW6,Adult,Female,CW,43963 CW6,Day 1,No,0,0,0,0,Negative ,,,
5/12/2020,CW6,Adult,Female,CW,43963 CW6,Day 2,Yes,19,16.3,103,34.3,Negative ,,,
5/12/2020,CW6,Adult,Female,CW,43963 CW6,Day 3,No,0,0,0,0,Negative ,,,
5/12/2020,CW7,Adult,Female,CW,43963 CW7,Day 1,Yes,36,24.4,149,29.8,Positive,R. amblyommatis,,
5/12/2020,CW7,Adult,Female,CW,43963 CW7,Day 2,No,0,0,0,0,Positive,R. amblyommatis,,
5/12/2020,CW7,Adult,Female,CW,43963 CW7,Day 3,No,0,0,0,0,Positive,R. amblyommatis,,
5/12/2020,CW8,Adult,Male,CW,43963 CW8,Day 1,No,0,0,0,0,Positive,R. amblyommatis,,
5/12/2020,CW8,Adult,Male,CW,43963 CW8,Day 2,Yes,55,42.9,177,22.1,Positive,R. amblyommatis,,
5/12/2020,CW8,Adult,Male,CW,43963 CW8,Day 3,Yes,11,11,2,2,Positive,R. amblyommatis,,
5/12/2020,CW9,Nymph,NA,CW,43963 CW9,Day 1,No,0,0,0,0,Negative ,,,
5/12/2020,CW9,Nymph,NA,CW,43963 CW9,Day 2,Yes,55,47,28,14,Negative ,,,
5/12/2020,CW9,Nymph,NA,CW,43963 CW9,Day 3,Yes,55,49.7,41,13.7,Negative ,,,
5/12/2020,CW10,Nymph,NA,CW,43963 CW10,Day 1,No,0,0,0,0,Positive,R. amblyommatis,,
5/12/2020,CW10,Nymph,NA,CW,43963 CW10,Day 2,No,0,0,0,0,Positive,R. amblyommatis,,
5/12/2020,CW10,Nymph,NA,CW,43963 CW10,Day 3,No,0,0,0,0,Positive,R. amblyommatis,,
5/12/2020,CW11,Adult,Male,CW,43963 CW11,Day 1,No,0,0,0,0,Positive,R. amblyommatis,,
5/12/2020,CW11,Adult,Male,CW,43963 CW11,Day 2,Yes,2,2,2,2,Positive,R. amblyommatis,,
5/12/2020,CW11,Adult,Male,CW,43963 CW11,Day 3,No,0,0,0,0,Positive,R. amblyommatis,,
5/12/2020,CW12,Adult,Male,CW,43963 CW12,Day 1,No,0,0,0,0,Negative ,,,
5/12/2020,CW12,Adult,Male,CW,43963 CW12,Day 2,No,0,0,0,0,Negative ,,,
5/12/2020,CW12,Adult,Male,CW,43963 CW12,Day 3,Yes,10,10,305,305,Negative ,,,
5/12/2020,CW13,Adult,Male,CW,43963 CW13,Day 1,Yes,39,39,10,10,Negative ,,,
5/12/2020,CW13,Adult,Male,CW,43963 CW13,Day 2,No,,,,,Negative ,,,
5/12/2020,CW13,Adult,Male,CW,43963 CW13,Day 3,Yes,44,21,28,9.3,Negative ,,,
5/12/2020,CW14,Nymph,NA,CW,43963 CW14,Day 1,No,0,0,0,0,Positive,R. amblyommatis,,
5/12/2020,CW14,Nymph,NA,CW,43963 CW14,Day 2,No,0,0,0,0,Positive,R. amblyommatis,,
5/12/2020,CW14,Nymph,NA,CW,43963 CW14,Day 3,No,0,0,0,0,Positive,R. amblyommatis,,
5/12/2020,CW15,Adult,Male,CW,43963 CW15,Day 1,No,0,0,0,0,Positive,R. amblyommatis,,
5/12/2020,CW15,Adult,Male,CW,43963 CW15,Day 2,No,0,0,0,0,Positive,R. amblyommatis,,
5/12/2020,CW15,Adult,Male,CW,43963 CW15,Day 3,No,0,0,0,0,Positive,R. amblyommatis,,
5/12/2020,CW16,Adult,Male,CW,43963 CW16,Day 1,Yes,37,30.5,5,2.5,Negative ,,,
5/12/2020,CW16,Adult,Male,CW,43963 CW16,Day 2,No,0,0,0,0,Negative ,,,
5/12/2020,CW16,Adult,Male,CW,43963 CW16,Day 3,No,0,0,0,0,Negative ,,,
5/12/2020,CW17,Nymph,NA,CW,43963 CW17,Day 1,Yes,55,55,48,24,Negative ,,,
5/12/2020,CW17,Nymph,NA,CW,43963 CW17,Day 2,Yes,55,39.3,69,23,Negative ,,,
5/12/2020,CW17,Nymph,NA,CW,43963 CW17,Day 3,Yes,55,50.7,279,46.5,Negative ,,,
5/12/2020,CW18,Adult,Female,CW,43963 CW18,Day 1,No,0,0,0,0,Positive,R. amblyommatis,,
5/12/2020,CW18,Adult,Female,CW,43963 CW18,Day 2,Yes,10,10,7,7,Positive,R. amblyommatis,,
5/12/2020,CW18,Adult,Female,CW,43963 CW18,Day 3,Yes,30,27.5,409,204.5,Positive,R. amblyommatis,,
5/12/2020,CW19,Adult,Female,CW,43963 CW19,Day 1,No,0,0,0,0,Positive,R. amblyommatis,,
5/12/2020,CW19,Adult,Female,CW,43963 CW19,Day 2,No,0,0,0,0,Positive,R. amblyommatis,,
5/12/2020,CW19,Adult,Female,CW,43963 CW19,Day 3,No,0,0,0,0,Positive,R. amblyommatis,,
5/12/2020,CW20,Nymph,NA,CW,43963 CW20,Day 1,No,0,0,0,0,Negative ,,,
5/12/2020,CW20,Nymph,NA,CW,43963 CW20,Day 2,No,0,0,0,0,Negative ,,,
5/12/2020,CW20,Nymph,NA,CW,43963 CW20,Day 3,No,0,0,0,0,Negative ,,,
5/12/2020,CW21,Nymph,NA,CW,43963 CW21,Day 1,No,0,0,0,0,Negative ,,,
5/12/2020,CW21,Nymph,NA,CW,43963 CW21,Day 2,No,0,0,0,0,Negative ,,,
5/12/2020,CW21,Nymph,NA,CW,43963 CW21,Day 3,No,0,0,0,0,Negative ,,,
5/13/2020,SF1,Adult,Male,SF,43964 SF1,Day 1,Yes,18,18,5,5,Negative ,,,
5/13/2020,SF1,Adult,Male,SF,43964 SF1,Day 2,No,0,0,0,0,Negative ,,,
5/13/2020,SF1,Adult,Male,SF,43964 SF1,Day 3,No,0,0,0,0,Negative ,,,
5/13/2020,SF2,Nymph,NA,SF,43964 SF2,Day 1,Yes,55,55,21,21,Negative ,,,
5/13/2020,SF2,Nymph,NA,SF,43964 SF2,Day 2,Yes,55,55,43,43,Negative ,,,
5/13/2020,SF2,Nymph,NA,SF,43964 SF2,Day 3,Yes,55,52.5,41,20.5,Negative ,,,
5/13/2020,SF3,Nymph,NA,SF,43964 SF3,Day 1,Yes,53,38.5,14,7,Negative ,,,
5/13/2020,SF3,Nymph,NA,SF,43964 SF3,Day 2,Yes,48,38.3,77,19.3,Negative ,,,
5/13/2020,SF3,Nymph,NA,SF,43964 SF3,Day 3,Yes,36,34.3,14,4.7,Negative ,,,
5/13/2020,SF4,Nymph,NA,SF,43964 SF4,Day 1,No,0,0,0,0,Negative ,,,
5/13/2020,SF4,Nymph,NA,SF,43964 SF4,Day 2,Yes,12,7.5,27,13.5,Negative ,,,
5/13/2020,SF4,Nymph,NA,SF,43964 SF4,Day 3,No,0,0,0,0,Negative ,,,
5/13/2020,SF5,Nymph,NA,SF,43964 SF5,Day 1,No,0,0,0,0,Positive,R. amblyommatis,,
5/13/2020,SF5,Nymph,NA,SF,43964 SF5,Day 2,Yes,37,34.5,48,24,Positive,R. amblyommatis,,
5/13/2020,SF5,Nymph,NA,SF,43964 SF5,Day 3,Yes,52,33,100,16.7,Positive,R. amblyommatis,,
5/13/2020,SF6,Nymph,NA,SF,43964 SF6,Day 1,No,0,0,0,0,Negative ,,,
5/13/2020,SF6,Nymph,NA,SF,43964 SF6,Day 2,No,0,0,0,0,Negative ,,,
5/13/2020,SF6,Nymph,NA,SF,43964 SF6,Day 3,Yes,55,40.3,34,8.5,Negative ,,,
5/13/2020,SF7,Nymph,NA,SF,43964 SF7,Day 1,Yes,25,25,10,10,Positive,R. amblyommatis,,
5/13/2020,SF7,Nymph,NA,SF,43964 SF7,Day 2,Yes,23,17.5,137,68.5,Positive,R. amblyommatis,,
5/13/2020,SF7,Nymph,NA,SF,43964 SF7,Day 3,Yes,31,19.3,78,26,Positive,R. amblyommatis,,
5/13/2020,SF8,Nymph,NA,SF,43964 SF8,Day 1,Yes,42,42,5,5,Positive,R. amblyommatis,,
5/13/2020,SF8,Nymph,NA,SF,43964 SF8,Day 2,No,0,0,0,0,Positive,R. amblyommatis,,
5/13/2020,SF8,Nymph,NA,SF,43964 SF8,Day 3,Yes,13,12.5,474,237,Positive,R. amblyommatis,,
5/13/2020,SF9,Nymph,NA,SF,43964 SF9,Day 1,Yes,43,16.8,26,6.5,Positive,R. amblyommatis,,
5/13/2020,SF9,Nymph,NA,SF,43964 SF9,Day 2,No,0,0,0,0,Positive,R. amblyommatis,,
5/13/2020,SF9,Nymph,NA,SF,43964 SF9,Day 3,Yes,55,37.4,31,6.2,Positive,R. amblyommatis,,
5/13/2020,SF10,Nymph,NA,SF,43964 SF10,Day 1,Yes,32,22,39,13,Positive,R. amblyommatis,,
5/13/2020,SF10,Nymph,NA,SF,43964 SF10,Day 2,No,0,0,0,0,Positive,R. amblyommatis,,
5/13/2020,SF10,Nymph,NA,SF,43964 SF10,Day 3,Yes,55,32,201,100.5,Positive,R. amblyommatis,,
5/13/2020,SF11,Adult,Male,SF,43964 SF11,Day 1,No,0,0,0,0,Negative ,,,
5/13/2020,SF11,Adult,Male,SF,43964 SF11,Day 2,Yes,55,45,129,32.3,Negative ,,,
5/13/2020,SF11,Adult,Male,SF,43964 SF11,Day 3,Yes,55,48.5,395,65.8,Negative ,,,
5/13/2020,SF12,Nymph,NA,SF,43964 SF12,Day 1,No,0,0,0,0,Positive,R. amblyommatis,,Early termination in FWD
5/13/2020,SF12,Nymph,NA,SF,43964 SF12,Day 2,Yes,55,35.8,150,30,Positive,R. amblyommatis,,Early termination in FWD
5/13/2020,SF12,Nymph,NA,SF,43964 SF12,Day 3,No,0,0,0,0,Positive,R. amblyommatis,,Early termination in FWD
5/13/2020,SF13,Adult,Male,SF,43964 SF13,Day 1,Yes,36,26,246,123,Negative ,,,
5/13/2020,SF13,Adult,Male,SF,43964 SF13,Day 2,No,0,0,0,0,Negative ,,,
5/13/2020,SF13,Adult,Male,SF,43964 SF13,Day 3,Yes,33,24.5,444,222,Negative ,,,
5/13/2020,SF14,Nymph,NA,SF,43964 SF14,Day 1,Yes,55,51.5,56,14,Positive,R. amblyommatis,,
5/13/2020,SF14,Nymph,NA,SF,43964 SF14,Day 2,No,0,0,0,0,Positive,R. amblyommatis,,
5/13/2020,SF14,Nymph,NA,SF,43964 SF14,Day 3,Yes,55,55,73,73,Positive,R. amblyommatis,,
5/13/2020,SF15,Nymph,NA,SF,43964 SF15,Day 1,Yes,55,52.5,331,165.5,Negative ,,,
5/13/2020,SF15,Nymph,NA,SF,43964 SF15,Day 2,No,0,0,0,0,Negative ,,,
5/13/2020,SF15,Nymph,NA,SF,43964 SF15,Day 3,Yes,55,41.8,449,89.8,Negative ,,,
5/13/2020,SF16,Nymph,NA,SF,43964 SF16,Day 1,Yes,29,29,5,5,Positive,R. amblyommatis,,
5/13/2020,SF16,Nymph,NA,SF,43964 SF16,Day 2,Yes,15,12.5,534,267,Positive,R. amblyommatis,,
5/13/2020,SF16,Nymph,NA,SF,43964 SF16,Day 3,Yes,41,20.7,78,13,Positive,R. amblyommatis,,
5/13/2020,SF17,Nymph,NA,SF,43964 SF17,Day 1,Yes,55,55,20,20,Negative ,,,
5/13/2020,SF17,Nymph,NA,SF,43964 SF17,Day 2,Yes,27,17.5,81,13.5,Negative ,,,
5/13/2020,SF17,Nymph,NA,SF,43964 SF17,Day 3,Yes,16,14,21,10.5,Negative ,,,
5/13/2020,SF18,Nymph,NA,SF,43964 SF18,Day 1,No,0,0,0,0,Positive,R. amblyommatis,,
5/13/2020,SF18,Nymph,NA,SF,43964 SF18,Day 2,No,0,0,0,0,Positive,R. amblyommatis,,
5/13/2020,SF18,Nymph,NA,SF,43964 SF18,Day 3,Yes,54,53.5,22,11,Positive,R. amblyommatis,,
5/13/2020,SF19,Nymph,NA,SF,43964 SF19,Day 1,Yes,55,34.1,102,14.6,Negative ,,,
5/13/2020,SF19,Nymph,NA,SF,43964 SF19,Day 2,Yes,42,28.3,29,9.7,Negative ,,,
5/13/2020,SF19,Nymph,NA,SF,43964 SF19,Day 3,No,0,0,0,0,Negative ,,,
5/13/2020,SF20,Nymph,NA,SF,43964 SF20,Day 1,Yes,11,6,228,114,Positive,R. amblyommatis,,
5/13/2020,SF20,Nymph,NA,SF,43964 SF20,Day 2,No,0,0,0,0,Positive,R. amblyommatis,,
5/13/2020,SF20,Nymph,NA,SF,43964 SF20,Day 3,Yes,15,15,10,10,Positive,R. amblyommatis,,
5/13/2020,SF21,Nymph,NA,SF,43964 SF21,Day 1,Yes,55,26.7,29,9.7,Positive,R. amblyommatis,,
5/13/2020,SF21,Nymph,NA,SF,43964 SF21,Day 2,Yes,8,4.5,19,9.5,Positive,R. amblyommatis,,
5/13/2020,SF21,Nymph,NA,SF,43964 SF21,Day 3,Yes,4,4,16,16,Positive,R. amblyommatis,,
5/13/2020,SF22,Nymph,NA,SF,43964 SF22,Day 1,Yes,15,8,13,6.5,Positive,R. amblyommatis,,
5/13/2020,SF22,Nymph,NA,SF,43964 SF22,Day 2,Yes,44,28.3,57,19,Positive,R. amblyommatis,,
5/13/2020,SF22,Nymph,NA,SF,43964 SF22,Day 3,Yes,55,29.5,34,8.5,Positive,R. amblyommatis,,
5/13/2020,SF23,Adult,Female,SF,43964 SF23,Day 1,Yes,12,12,10,10,Positive,R. amblyommatis,,
5/13/2020,SF23,Adult,Female,SF,43964 SF23,Day 2,Yes,37,19.6,92,13.1,Positive,R. amblyommatis,,
5/13/2020,SF23,Adult,Female,SF,43964 SF23,Day 3,Yes,39,50.2,147,29.4,Positive,R. amblyommatis,,
5/13/2020,SF24,Nymph,NA,SF,43964 SF24,Day 1,No,0,0,0,0,Negative ,,,
5/13/2020,SF24,Nymph,NA,SF,43964 SF24,Day 2,Yes,32,20.9,391,55.9,Negative ,,,
5/13/2020,SF24,Nymph,NA,SF,43964 SF24,Day 3,Yes,4,4,450,450,Negative ,,,
5/13/2020,SF25,Nymph,NA,SF,43964 SF25,Day 1,Yes,55,48,96,16,Negative ,,,
5/13/2020,SF25,Nymph,NA,SF,43964 SF25,Day 2,No,0,0,0,0,Negative ,,,
5/13/2020,SF25,Nymph,NA,SF,43964 SF25,Day 3,No,0,0,0,0,Negative ,,,
5/13/2020,SF26,Adult,Female,SF,43964 SF26,Day 1,No,0,0,0,0,Negative ,,,
5/13/2020,SF26,Adult,Female,SF,43964 SF26,Day 2,No,0,0,0,0,Negative ,,,
5/13/2020,SF26,Adult,Female,SF,43964 SF26,Day 3,Yes,1,1,502,502,Negative ,,,
5/13/2020,SF27,Nymph,NA,SF,43964 SF27,Day 1,No,0,0,0,0,Negative ,,,
5/13/2020,SF27,Nymph,NA,SF,43964 SF27,Day 2,No,0,0,0,0,Negative ,,,
5/13/2020,SF27,Nymph,NA,SF,43964 SF27,Day 3,No,0,0,0,0,Negative ,,,
5/13/2020,SF28,Nymph,NA,SF,43964 SF28,Day 1,No,0,0,0,0,Negative ,,,
5/13/2020,SF28,Nymph,NA,SF,43964 SF28,Day 2,Yes,13,13,188,188,Negative ,,,
5/13/2020,SF28,Nymph,NA,SF,43964 SF28,Day 3,No,0,0,0,0,Negative ,,,
5/13/2020,SF29,Nymph,NA,SF,43964 SF29,Day 1,No,0,0,0,0,Negative ,,,
5/13/2020,SF29,Nymph,NA,SF,43964 SF29,Day 2,Yes,14,10.5,298,149,Negative ,,,
5/13/2020,SF29,Nymph,NA,SF,43964 SF29,Day 3,Yes,36,36,448,448,Negative ,,,
5/13/2020,SF30,Adult,Female,SF,43964 SF30,Day 1,No,0,0,0,0,Negative ,,,
5/13/2020,SF30,Adult,Female,SF,43964 SF30,Day 2,No,0,0,0,0,Negative ,,,
5/13/2020,SF30,Adult,Female,SF,43964 SF30,Day 3,No,0,0,0,0,Negative ,,,
5/13/2020,SF31,Nymph,NA,SF,43964 SF31,Day 1,Yes,55,37.3,32,8,Positive,R. amblyommatis,,
5/13/2020,SF31,Nymph,NA,SF,43964 SF31,Day 2,NA,0,0,0,0,Positive,R. amblyommatis,,
5/13/2020,SF31,Nymph,NA,SF,43964 SF31,Day 3,NA,0,0,0,0,Positive,R. amblyommatis,,
5/13/2020,SF32,Nymph,NA,SF,43964 SF32,Day 1,Yes,55,55,60,30,Negative ,,,
5/13/2020,SF32,Nymph,NA,SF,43964 SF32,Day 2,Yes,55,55,8,8,Negative ,,,
5/13/2020,SF32,Nymph,NA,SF,43964 SF32,Day 3,No,0,0,0,0,Negative ,,,
5/13/2020,SF33,Nymph,NA,SF,43964 SF33,Day 1,No,0,0,0,0,Negative ,,,
5/13/2020,SF33,Nymph,NA,SF,43964 SF33,Day 2,NA,0,0,0,0,Negative ,,,
5/13/2020,SF33,Nymph,NA,SF,43964 SF33,Day 3,NA,0,0,0,0,Negative ,,,
5/13/2020,SF34,Nymph,NA,SF,43964 SF34,Day 1,No,0,0,0,0,Negative ,,,
5/13/2020,SF34,Nymph,NA,SF,43964 SF34,Day 2,No,0,0,0,0,Negative ,,,
5/13/2020,SF34,Nymph,NA,SF,43964 SF34,Day 3,No,0,0,0,0,Negative ,,,
5/13/2020,SF35,Adult,Male,SF,43964 SF35,Day 1,No,0,0,0,0,Negative ,,,
5/13/2020,SF35,Adult,Male,SF,43964 SF35,Day 2,Yes,55,55,16,8,Negative ,,,
5/13/2020,SF35,Adult,Male,SF,43964 SF35,Day 3,Yes,55,35.4,193,21.4,Negative ,,,
5/13/2020,SF36,Adult,Male,SF,43964 SF36,Day 1,No,0,0,0,0,Negative ,,,
5/13/2020,SF36,Adult,Male,SF,43964 SF36,Day 2,No,0,0,0,0,Negative ,,,
5/13/2020,SF36,Adult,Male,SF,43964 SF36,Day 3,No,0,0,0,0,Negative ,,,
5/13/2020,SF37,Adult,NA,SF,43964 SF37,Day 1,Yes,39,25.7,334,55.7,Negative ,,,
5/13/2020,SF37,Adult,NA,SF,43964 SF37,Day 2,No,0,0,0,0,Negative ,,,
5/13/2020,SF37,Adult,NA,SF,43964 SF37,Day 3,Yes,36,22.3,286,47.7,Negative ,,,
5/13/2020,SF38,Nymph,NA,SF,43964 SF38,Day 1,Yes,23,16.8,113,22.6,Positive,R. amblyommatis,,
5/13/2020,SF38,Nymph,NA,SF,43964 SF38,Day 2,No,0,0,0,0,Positive,R. amblyommatis,,
5/13/2020,SF38,Nymph,NA,SF,43964 SF38,Day 3,Yes,55,41,20,6.7,Positive,R. amblyommatis,,
5/13/2020,SF39,Adult,Male,SF,43964 SF39,Day 1,No,0,0,0,0,Positive,R. amblyommatis,,
5/13/2020,SF39,Adult,Male,SF,43964 SF39,Day 2,Yes,24,11.1,333,47.6,Positive,R. amblyommatis,,
5/13/2020,SF39,Adult,Male,SF,43964 SF39,Day 3,No,0,0,0,0,Positive,R. amblyommatis,,
5/13/2020,SF40,Adult,Female,SF,43964 SF40,Day 1,No,0,0,0,0,Negative ,,,
5/13/2020,SF40,Adult,Female,SF,43964 SF40,Day 2,Yes,43,43,366,366,Negative ,,,
5/13/2020,SF40,Adult,Female,SF,43964 SF40,Day 3,No,0,0,0,0,Negative ,,,
5/13/2020,SF41,Nymph,NA,SF,43964 SF41,Day 1,No,0,0,0,0,Positive,R. amblyommatis,,
5/13/2020,SF41,Nymph,NA,SF,43964 SF41,Day 2,No,0,0,0,0,Positive,R. amblyommatis,,
5/13/2020,SF41,Nymph,NA,SF,43964 SF41,Day 3,Yes,55,33.7,59,19.7,Positive,R. amblyommatis,,
5/13/2020,SF42,Nymph,NA,SF,43964 SF42,Day 1,No,0,0,0,0,Negative ,,,
5/13/2020,SF42,Nymph,NA,SF,43964 SF42,Day 2,Yes,29,27,506,253,Negative ,,,
5/13/2020,SF42,Nymph,NA,SF,43964 SF42,Day 3,No,0,0,0,0,Negative ,,,
5/13/2020,SF43,Adult,Female,SF,43964 SF43,Day 1,No,0,0,0,0,Positive,R. amblyommatis,,
5/13/2020,SF43,Adult,Female,SF,43964 SF43,Day 2,No,0,0,0,0,Positive,R. amblyommatis,,
5/13/2020,SF43,Adult,Female,SF,43964 SF43,Day 3,Yes,12,12,2,2,Positive,R. amblyommatis,,
5/13/2020,SF44,Adult,Female,SF,43964 SF44,Day 1,No,0,0,0,0,Positive,R. amblyommatis,,
5/13/2020,SF44,Adult,Female,SF,43964 SF44,Day 2,No,0,0,0,0,Positive,R. amblyommatis,,
5/13/2020,SF44,Adult,Female,SF,43964 SF44,Day 3,Yes,55,47.3,309,38.6,Positive,R. amblyommatis,,
5/18/2020,SR1,Nymph,NA,SR,43969 SR1,Day 1,Yes,55,55,195,195,Negative ,,,
5/18/2020,SR1,Nymph,NA,SR,43969 SR1,Day 2,Yes,55,54.3,428,142.7,Negative ,,,
5/18/2020,SR1,Nymph,NA,SR,43969 SR1,Day 3,Yes,12,12,28,28,Negative ,,,
5/18/2020,SR2,Nymph,NA,SR,43969 SR2,Day 1,No,0,0,0,0,Negative ,,,
5/18/2020,SR2,Nymph,NA,SR,43969 SR2,Day 2,No,0,0,0,0,Negative ,,,
5/18/2020,SR2,Nymph,NA,SR,43969 SR2,Day 3,No,0,0,0,0,Negative ,,,
5/18/2020,SR3,Adult,Female,SR,43969 SR3,Day 1,Yes,42,22.5,8,4,Negative ,,,
5/18/2020,SR3,Adult,Female,SR,43969 SR3,Day 2,No,0,0,0,0,Negative ,,,
5/18/2020,SR3,Adult,Female,SR,43969 SR3,Day 3,Yes,55,48.5,24,12,Negative ,,,
5/18/2020,SR4,Adult,Male,SR,43969 SR4,Day 1,No,0,0,0,0,Negative ,,,
5/18/2020,SR4,Adult,Male,SR,43969 SR4,Day 2,Yes,55,55,270,270,Negative ,,,
5/18/2020,SR4,Adult,Male,SR,43969 SR4,Day 3,No,0,0,0,0,Negative ,,,
5/18/2020,SR5,Adult,Male,SR,43969 SR5,Day 1,No,0,0,0,0,Positive,R. amblyommatis,,
5/18/2020,SR5,Adult,Male,SR,43969 SR5,Day 2,No,0,0,0,0,Positive,R. amblyommatis,,
5/18/2020,SR5,Adult,Male,SR,43969 SR5,Day 3,No,0,0,0,0,Positive,R. amblyommatis,,
5/18/2020,SR6,Nymph,NA,SR,43969 SR6,Day 1,No,0,0,0,0,Negative ,,,
5/18/2020,SR6,Nymph,NA,SR,43969 SR6,Day 2,No,0,0,0,0,Negative ,,,
5/18/2020,SR6,Nymph,NA,SR,43969 SR6,Day 3,No,0,0,0,0,Negative ,,,
5/18/2020,SR7,Nymph,NA,SR,43969 SR7,Day 1,Yes,19,7.4,41,8.2,Negative ,,,
5/18/2020,SR7,Nymph,NA,SR,43969 SR7,Day 2,No,0,0,0,0,Negative ,,,
5/18/2020,SR7,Nymph,NA,SR,43969 SR7,Day 3,No,0,0,0,0,Negative ,,,
5/18/2020,SR8,Adult,Male,SR,43969 SR8,Day 1,Yes,12,7.7,25,8.3,Negative ,,,
5/18/2020,SR8,Adult,Male,SR,43969 SR8,Day 2,No,0,0,0,0,Negative ,,,
5/18/2020,SR8,Adult,Male,SR,43969 SR8,Day 3,No,0,0,0,0,Negative ,,,
5/18/2020,SR9,Nymph,NA,SR,43969 SR9,Day 1,No,0,0,0,0,Negative ,,,
5/18/2020,SR9,Nymph,NA,SR,43969 SR9,Day 2,No,0,0,0,0,Negative ,,,
5/18/2020,SR9,Nymph,NA,SR,43969 SR9,Day 3,Yes,52,37,196,21.8,Negative ,,,
5/18/2020,SR10,Adult,Female,SR,43969 SR10,Day 1,No,0,0,0,0,Negative ,,,
5/18/2020,SR10,Adult,Female,SR,43969 SR10,Day 2,No,0,0,0,0,Negative ,,,
5/18/2020,SR10,Adult,Female,SR,43969 SR10,Day 3,No,0,0,0,0,Negative ,,,
5/18/2020,SR11,Adult,Male,SR,43969 SR11,Day 1,No,0,0,0,0,Negative ,,,
5/18/2020,SR11,Adult,Male,SR,43969 SR11,Day 2,No,0,0,0,0,Negative ,,,
5/18/2020,SR11,Adult,Male,SR,43969 SR11,Day 3,No,0,0,0,0,Negative ,,,
5/18/2020,SR12,Nymph,NA,SR,43969 SR12,Day 1,No,0,0,0,0,Negative ,,,
5/18/2020,SR12,Nymph,NA,SR,43969 SR12,Day 2,Yes,35,19.5,10,5,Negative ,,,
5/18/2020,SR12,Nymph,NA,SR,43969 SR12,Day 3,Yes,55,36.3,38,12.7,Negative ,,,
5/18/2020,SR13,Nymph,NA,SR,43969 SR13,Day 1,Yes,1,1,11,11,Negative ,,,
5/18/2020,SR13,Nymph,NA,SR,43969 SR13,Day 2,No,0,0,0,0,Negative ,,,
5/18/2020,SR13,Nymph,NA,SR,43969 SR13,Day 3,No,0,0,0,0,Negative ,,,
5/18/2020,SR14,Adult,Male,SR,43969 SR14,Day 1,No,0,0,0,0,Positive,R. amblyommatis,,
5/18/2020,SR14,Adult,Male,SR,43969 SR14,Day 2,No,0,0,0,0,Positive,R. amblyommatis,,
5/18/2020,SR14,Adult,Male,SR,43969 SR14,Day 3,Yes,55,42.8,115,14.4,Positive,R. amblyommatis,,
5/18/2020,SR15,Nymph,NA,SR,43969 SR15,Day 1,No,0,0,0,0,Negative ,,,
5/18/2020,SR15,Nymph,NA,SR,43969 SR15,Day 2,No,0,0,0,0,Negative ,,,
5/18/2020,SR15,Nymph,NA,SR,43969 SR15,Day 3,No,0,0,0,0,Negative ,,,
5/18/2020,SR16,Nymph,NA,SR,43969 SR16,Day 1,Yes,55,53,211,35.2,Negative ,,,
5/18/2020,SR16,Nymph,NA,SR,43969 SR16,Day 2,No,0,0,0,0,Negative ,,,
5/18/2020,SR16,Nymph,NA,SR,43969 SR16,Day 3,No,0,0,0,0,Negative ,,,
5/18/2020,SR17,Adult,Male,SR,43969 SR17,Day 1,No,0,0,0,0,Positive,R. amblyommatis,,
5/18/2020,SR17,Adult,Male,SR,43969 SR17,Day 2,Yes,55,40.2,324,64.8,Positive,R. amblyommatis,,
5/18/2020,SR17,Adult,Male,SR,43969 SR17,Day 3,No,0,0,0,0,Positive,R. amblyommatis,,
5/18/2020,SR18,Adult,Female,SR,43969 SR18,Day 1,No,0,0,0,0,Negative ,,,
5/18/2020,SR18,Adult,Female,SR,43969 SR18,Day 2,Yes,55,38.3,20,5,Negative ,,,
5/18/2020,SR18,Adult,Female,SR,43969 SR18,Day 3,Yes,26,20,7,3.5,Negative ,,,
5/18/2020,SR19,Adult,Male,SR,43969 SR19,Day 1,No,0,0,0,0,Positive,R. amblyommatis,,
5/18/2020,SR19,Adult,Male,SR,43969 SR19,Day 2,No,0,0,0,0,Positive,R. amblyommatis,,
5/18/2020,SR19,Adult,Male,SR,43969 SR19,Day 3,No,0,0,0,0,Positive,R. amblyommatis,,
5/18/2020,SR20,Nymph,NA,SR,43969 SR20,Day 1,No,0,0,0,0,Negative ,,,
5/18/2020,SR20,Nymph,NA,SR,43969 SR20,Day 2,No,0,0,0,0,Negative ,,,
5/18/2020,SR20,Nymph,NA,SR,43969 SR20,Day 3,No,0,0,0,0,Negative ,,,
5/18/2020,SR21,Adult,Female,SR,43969 SR21,Day 1,Yes,13,13,6,6,Positive,,,
5/18/2020,SR21,Adult,Female,SR,43969 SR21,Day 2,No,0,0,0,0,Positive,,,
5/18/2020,SR21,Adult,Female,SR,43969 SR21,Day 3,Yes,35,21.3,523,174.3,Positive,,,
5/18/2020,SR22,Adult,Female,SR,43969 SR22,Day 1,Yes,46,34,240,48,Negative ,,,
5/18/2020,SR22,Adult,Female,SR,43969 SR22,Day 2,Yes,25,20,72,24,Negative ,,,
5/18/2020,SR22,Adult,Female,SR,43969 SR22,Day 3,No,0,0,0,0,Negative ,,,
5/18/2020,SR23,Nymph,NA,SR,43969 SR23,Day 1,Yes,23,17,29,14.5,Negative ,,,
5/18/2020,SR23,Nymph,NA,SR,43969 SR23,Day 2,No,0,0,0,0,Negative ,,,
5/18/2020,SR23,Nymph,NA,SR,43969 SR23,Day 3,Yes,25,15.3,29,9.7,Negative ,,,
5/18/2020,SR24,Nymph,NA,SR,43969 SR24,Day 1,Yes,55,35.8,180,45,Negative ,,,
5/18/2020,SR24,Nymph,NA,SR,43969 SR24,Day 2,Yes,33,33,3,3,Negative ,,,
5/18/2020,SR24,Nymph,NA,SR,43969 SR24,Day 3,Yes,16,14.5,49,24.5,Negative ,,,
5/18/2020,SR25,Nymph,NA,SR,43969 SR25,Day 1,No,0,0,0,0,Negative ,,,
5/18/2020,SR25,Nymph,NA,SR,43969 SR25,Day 2,Yes,55,27,92,18.4,Negative ,,,
5/18/2020,SR25,Nymph,NA,SR,43969 SR25,Day 3,No,0,0,0,0,Negative ,,,
5/18/2020,SR26,Nymph,NA,SR,43969 SR26,Day 1,No,0,0,0,0,Negative ,,,
5/18/2020,SR26,Nymph,NA,SR,43969 SR26,Day 2,No,0,0,0,0,Negative ,,,
5/18/2020,SR26,Nymph,NA,SR,43969 SR26,Day 3,Yes,29,22.7,156,52,Negative ,,,
5/18/2020,SR27,Nymph,NA,SR,43969 SR27,Day 1,Yes,19,19,181,181,Negative ,,,
5/18/2020,SR27,Nymph,NA,SR,43969 SR27,Day 2,Yes,52,40.5,244,61,Negative ,,,
5/18/2020,SR27,Nymph,NA,SR,43969 SR27,Day 3,No,0,0,0,0,Negative ,,,
5/18/2020,SR28,Adult,Male,SR,43969 SR28,Day 1,Yes,45,24.3,303,30.3,Negative ,,,
5/18/2020,SR28,Adult,Male,SR,43969 SR28,Day 2,No,0,0,0,0,Negative ,,,
5/18/2020,SR28,Adult,Male,SR,43969 SR28,Day 3,No,0,0,0,0,Negative ,,,
5/18/2020,SR29,Nymph,NA,SR,43969 SR29,Day 1,No,0,0,0,0,Negative ,,,
5/18/2020,SR29,Nymph,NA,SR,43969 SR29,Day 2,Yes,41,40.5,4,2,Negative ,,,
5/18/2020,SR29,Nymph,NA,SR,43969 SR29,Day 3,No,0,0,0,0,Negative ,,,
5/18/2020,SR30,Adult,Female,SR,43969 SR30,Day 1,No,0,0,0,0,Negative ,,,
5/18/2020,SR30,Adult,Female,SR,43969 SR30,Day 2,No,0,0,0,0,Negative ,,,
5/18/2020,SR30,Adult,Female,SR,43969 SR30,Day 3,No,0,0,0,0,Negative ,,,
5/18/2020,SR31,Nymph,NA,SR,43969 SR31,Day 1,Yes,55,48,173,19.2,Negative ,,,
5/18/2020,SR31,Nymph,NA,SR,43969 SR31,Day 2,No,0,0,0,0,Negative ,,,
5/18/2020,SR31,Nymph,NA,SR,43969 SR31,Day 3,No,0,0,0,0,Negative ,,,
5/18/2020,SR32,Adult,Female,SR,43969 SR32,Day 1,Yes,55,37,11,3.7,Positive,R. amblyommatis,,
5/18/2020,SR32,Adult,Female,SR,43969 SR32,Day 2,No,0,0,0,0,Positive,R. amblyommatis,,
5/18/2020,SR32,Adult,Female,SR,43969 SR32,Day 3,Yes,2,2,113,113,Positive,R. amblyommatis,,
5/18/2020,SR33,Nymph,NA,SR,43969 SR33,Day 1,No,0,0,0,0,Negative ,,,
5/18/2020,SR33,Nymph,NA,SR,43969 SR33,Day 2,Yes,42,34,145,24.2,Negative ,,,
5/18/2020,SR33,Nymph,NA,SR,43969 SR33,Day 3,No,0,0,0,0,Negative ,,,
5/18/2020,SR34,Nymph,NA,SR,43969 SR34,Day 1,No,0,0,0,0,Negative ,,,
5/18/2020,SR34,Nymph,NA,SR,43969 SR34,Day 2,Yes,55,39.8,310,62,Negative ,,,
5/18/2020,SR34,Nymph,NA,SR,43969 SR34,Day 3,No,0,0,0,0,Negative ,,,
5/18/2020,SR35,Adult,Male,SR,43969 SR35,Day 1,No,0,0,0,0,Negative ,,,
5/18/2020,SR35,Adult,Male,SR,43969 SR35,Day 2,No,0,0,0,0,Negative ,,,
5/18/2020,SR35,Adult,Male,SR,43969 SR35,Day 3,No,0,0,0,0,Negative ,,,
5/18/2020,SR36,Nymph,NA,SR,43969 SR36,Day 1,Yes,12,12,5,5,Negative ,,,
5/18/2020,SR36,Nymph,NA,SR,43969 SR36,Day 2,Yes,1,1,280,280,Negative ,,,
5/18/2020,SR36,Nymph,NA,SR,43969 SR36,Day 3,No,0,0,0,0,Negative ,,,
5/18/2020,SR37,Adult,Female,SR,43969 SR37,Day 1,No,0,0,0,0,Positive,R. amblyommatis,,
5/18/2020,SR37,Adult,Female,SR,43969 SR37,Day 2,No,0,0,0,0,Positive,R. amblyommatis,,
5/18/2020,SR37,Adult,Female,SR,43969 SR37,Day 3,No,0,0,0,0,Positive,R. amblyommatis,,
5/18/2020,SR38,Nymph,NA,SR,43969 SR38,Day 1,Yes,55,55,54,10.8,Negative ,,,
5/18/2020,SR38,Nymph,NA,SR,43969 SR38,Day 2,Yes,1,1,109,109,Negative ,,,
5/18/2020,SR38,Nymph,NA,SR,43969 SR38,Day 3,No,0,0,0,0,Negative ,,,
5/18/2020,SR39,Adult,Male,SR,43969 SR39,Day 1,Yes,21,13.8,118,19.7,Negative ,,,
5/18/2020,SR39,Adult,Male,SR,43969 SR39,Day 2,Yes,39,23,187,46.8,Negative ,,,
5/18/2020,SR39,Adult,Male,SR,43969 SR39,Day 3,Yes,18,12.3,158,52.7,Negative ,,,
5/18/2020,SR40,Nymph,NA,SR,43969 SR40,Day 1,No,0,0,0,0,Negative ,,,
5/18/2020,SR40,Nymph,NA,SR,43969 SR40,Day 2,Yes,32,22,93,23.3,Negative ,,,
5/18/2020,SR40,Nymph,NA,SR,43969 SR40,Day 3,Yes,20,16.3,305,101.7,Negative ,,,
5/18/2020,SR41,Nymph,NA,SR,43969 SR41,Day 1,Yes,55,55,36,18,Negative ,,,
5/18/2020,SR41,Nymph,NA,SR,43969 SR41,Day 2,No,0,0,0,0,Negative ,,,
5/18/2020,SR41,Nymph,NA,SR,43969 SR41,Day 3,No,0,0,0,0,Negative ,,,
5/18/2020,SR42,Adult,Female,SR,43969 SR42,Day 1,No,0,0,0,0,Positive,R. amblyommatis,,
5/18/2020,SR42,Adult,Female,SR,43969 SR42,Day 2,No,0,0,0,0,Positive,R. amblyommatis,,
5/18/2020,SR42,Adult,Female,SR,43969 SR42,Day 3,No,0,0,0,0,Positive,R. amblyommatis,,
5/18/2020,SR43,Adult,Female,SR,43969 SR43,Day 1,No,0,0,0,0,Positive,R. amblyommatis,,
5/18/2020,SR43,Adult,Female,SR,43969 SR43,Day 2,No,0,0,0,0,Positive,R. amblyommatis,,
5/18/2020,SR43,Adult,Female,SR,43969 SR43,Day 3,No,0,0,0,0,Positive,R. amblyommatis,,
5/18/2020,SR44,Nymph,NA,SR,43969 SR44,Day 1,No,0,0,0,0,Negative ,,,
5/18/2020,SR44,Nymph,NA,SR,43969 SR44,Day 2,Yes,3,3,19,19,Negative ,,,
5/18/2020,SR44,Nymph,NA,SR,43969 SR44,Day 3,Yes,41,26,176,58.7,Negative ,,,
5/18/2020,SR45,Adult,Female,SR,43969 SR45,Day 1,No,0,0,0,0,Negative ,,,
5/18/2020,SR45,Adult,Female,SR,43969 SR45,Day 2,No,0,0,0,0,Negative ,,,
5/18/2020,SR45,Adult,Female,SR,43969 SR45,Day 3,No,0,0,0,0,Negative ,,,
5/18/2020,SR46,Adult,Female,SR,43969 SR46,Day 1,Yes,51,35.9,197,28.1,Negative ,,,
5/18/2020,SR46,Adult,Female,SR,43969 SR46,Day 2,No,0,0,0,0,Negative ,,,
5/18/2020,SR46,Adult,Female,SR,43969 SR46,Day 3,No,0,0,0,0,Negative ,,,
5/18/2020,SR47,Adult,Female,SR,43969 SR47,Day 1,Yes,55,40,49,16.3,Negative ,,,
5/18/2020,SR47,Adult,Female,SR,43969 SR47,Day 2,Yes,52,35.4,443,63.3,Negative ,,,
5/18/2020,SR47,Adult,Female,SR,43969 SR47,Day 3,No,0,0,0,0,Negative ,,,
5/18/2020,SR48,Adult,Female,SR,43969 SR48,Day 1,Yes,55,44,74,9.3,Negative ,,,
5/18/2020,SR48,Adult,Female,SR,43969 SR48,Day 2,No,0,0,0,0,Negative ,,,
5/18/2020,SR48,Adult,Female,SR,43969 SR48,Day 3,Yes,47,27,84,16.8,Negative ,,,
5/18/2020,SR49,Adult,Male,SR,43969 SR49,Day 1,No,0,0,0,0,Negative ,,,
5/18/2020,SR49,Adult,Male,SR,43969 SR49,Day 2,Yes,55,35.5,6,3,Negative ,,,
5/18/2020,SR49,Adult,Male,SR,43969 SR49,Day 3,Yes,44,26.8,110,18.3,Negative ,,,
5/18/2020,SR50,Adult,Male,SR,43969 SR50,Day 1,Yes,30,24.3,109,27.3,Negative ,,,
5/18/2020,SR50,Adult,Male,SR,43969 SR50,Day 2,Yes,49,46,449,112.3,Negative ,,,
5/18/2020,SR50,Adult,Male,SR,43969 SR50,Day 3,Yes,28,16.4,241,34.4,Negative ,,,
5/18/2020,SR51,Nymph,NA,SR,43969 SR51,Day 1,Yes,35,20.8,29,7.3,Negative ,,,
5/18/2020,SR51,Nymph,NA,SR,43969 SR51,Day 2,No,0,0,0,0,Negative ,,,
5/18/2020,SR51,Nymph,NA,SR,43969 SR51,Day 3,No,0,0,0,0,Negative ,,,
6/8/2020,MS1,Nymph,NA,MS,43990 MS1,Day 1,Yes,55,50.8,110,13.8,Positive,R. amblyommatis,,
6/8/2020,MS1,Nymph,NA,MS,43990 MS1,Day 2,Yes,55,45.6,207,25.9,Positive,R. amblyommatis,,
6/8/2020,MS1,Nymph,NA,MS,43990 MS1,Day 3,Yes,46,37.2,105,17.5,Positive,R. amblyommatis,,
6/8/2020,MS2,Adult,Female,MS,43990 MS2,Day 1,Yes,50,24,91,30.3,Negative ,,,
6/8/2020,MS2,Adult,Female,MS,43990 MS2,Day 2,Yes,22,18,43,14.3,Negative ,,,
6/8/2020,MS2,Adult,Female,MS,43990 MS2,Day 3,No,0,0,0,0,Negative ,,,
6/8/2020,MS3,Adult,Male,MS,43990 MS3,Day 1,No,0,0,0,0,Positive,R. amblyommatis,,
6/8/2020,MS3,Adult,Male,MS,43990 MS3,Day 2,No,0,0,0,0,Positive,R. amblyommatis,,
6/8/2020,MS3,Adult,Male,MS,43990 MS3,Day 3,Yes,17,17,356,356,Positive,R. amblyommatis,,
6/8/2020,MS4,Adult,Male,MS,43990 MS4,Day 1,No,0,0,0,0,Negative ,,,
6/8/2020,MS4,Adult,Male,MS,43990 MS4,Day 2,No,0,0,0,0,Negative ,,,
6/8/2020,MS4,Adult,Male,MS,43990 MS4,Day 3,Yes,25,25,89,89,Negative ,,,
6/8/2020,MS5,Adult,Male,MS,43990 MS5,Day 1,Yes,12,6.5,6,3,Negative ,,,
6/8/2020,MS5,Adult,Male,MS,43990 MS5,Day 2,Yes,49,31.5,4,2,Negative ,,,
6/8/2020,MS5,Adult,Male,MS,43990 MS5,Day 3,Yes,18,9.3,115,38.3,Negative ,,,
6/8/2020,MS6,Adult,Female,MS,43990 MS6,Day 1,No,0,0,0,0,Positive,R. amblyommatis,,
6/8/2020,MS6,Adult,Female,MS,43990 MS6,Day 2,No,0,0,0,0,Positive,R. amblyommatis,,
6/8/2020,MS6,Adult,Female,MS,43990 MS6,Day 3,No,0,0,0,0,Positive,R. amblyommatis,,
6/8/2020,MS7,Adult,Female,MS,43990 MS7,Day 1,No,0,0,0,0,Negative ,,,
6/8/2020,MS7,Adult,Female,MS,43990 MS7,Day 2,Yes,36,13.7,18,6,Negative ,,,
6/8/2020,MS7,Adult,Female,MS,43990 MS7,Day 3,Yes,55,55,3,3,Negative ,,,
6/8/2020,MS8,Adult,Male,MS,43990 MS8,Day 1,No,0,0,0,0,Negative ,,,
6/8/2020,MS8,Adult,Male,MS,43990 MS8,Day 2,Yes,55,34.3,29,4.8,Negative ,,,
6/8/2020,MS8,Adult,Male,MS,43990 MS8,Day 3,No,0,0,0,0,Negative ,,,
6/8/2020,MS9,Nymph,NA,MS,43990 MS9,Day 1,Yes,50,37.3,10,3.3,Positive,R. amblyommatis,,
6/8/2020,MS9,Nymph,NA,MS,43990 MS9,Day 2,Yes,55,44.3,27,9,Positive,R. amblyommatis,,
6/8/2020,MS9,Nymph,NA,MS,43990 MS9,Day 3,Yes,49,38.3,139,46.3,Positive,R. amblyommatis,,
6/8/2020,MS10,Adult,Male,MS,43990 MS10,Day 1,Yes,55,34.5,42,21,Positive,R. amblyommatis,,
6/8/2020,MS10,Adult,Male,MS,43990 MS10,Day 2,Yes,55,38.8,52,8.7,Positive,R. amblyommatis,,
6/8/2020,MS10,Adult,Male,MS,43990 MS10,Day 3,Yes,55,41.4,60,7.5,Positive,R. amblyommatis,,
6/8/2020,MS11,Adult,Male,MS,43990 MS11,Day 1,Yes,45,25.5,8,4,Negative ,,,
6/8/2020,MS11,Adult,Male,MS,43990 MS11,Day 2,Yes,37,13.8,454,113.5,Negative ,,,
6/8/2020,MS11,Adult,Male,MS,43990 MS11,Day 3,Yes,17,10.3,502,167.3,Negative ,,,
6/8/2020,MS12,Nymph,NA,MS,43990 MS12,Day 1,No,0,0,0,0,Negative ,,,
6/8/2020,MS12,Nymph,NA,MS,43990 MS12,Day 2,Yes,55,37.5,19,9.5,Negative ,,,
6/8/2020,MS12,Nymph,NA,MS,43990 MS12,Day 3,Yes,36,36,4,4,Negative ,,,
6/8/2020,MS13,Nymph,NA,MS,43990 MS13,Day 1,Yes,46,19.3,26,4.3,Negative ,,,
6/8/2020,MS13,Nymph,NA,MS,43990 MS13,Day 2,Yes,55,55,3,3,Negative ,,,
6/8/2020,MS13,Nymph,NA,MS,43990 MS13,Day 3,Yes,55,45.2,217,36.2,Negative ,,,
6/8/2020,MS14,Nymph,NA,MS,43990 MS14,Day 1,No,0,0,0,0,Negative ,,,
6/8/2020,MS14,Nymph,NA,MS,43990 MS14,Day 2,Yes,18,14,5,2.5,Negative ,,,
6/8/2020,MS14,Nymph,NA,MS,43990 MS14,Day 3,Yes,35,32.7,42,14,Negative ,,,
6/15/2020,SF1,Nymph,NA,SF,43997 SF1,Day 1,Yes,22,22,69,69,Negative ,,,
6/15/2020,SF1,Nymph,NA,SF,43997 SF1,Day 2,No,0,0,0,0,Negative ,,,
6/15/2020,SF1,Nymph,NA,SF,43997 SF1,Day 3,Yes,43,34.3,65,21.7,Negative ,,,
6/15/2020,SF2,Adult,Female,SF,43997 SF2,Day 1,No,0,0,0,0,Positive,R. amblyommatis,,
6/15/2020,SF2,Adult,Female,SF,43997 SF2,Day 2,No,0,0,0,0,Positive,R. amblyommatis,,
6/15/2020,SF2,Adult,Female,SF,43997 SF2,Day 3,No,0,0,0,0,Positive,R. amblyommatis,,
6/15/2020,SF3,Nymph,NA,SF,43997 SF3,Day 1,Yes,48,33.4,308,38.5,Negative ,,,
6/15/2020,SF3,Nymph,NA,SF,43997 SF3,Day 2,No,0,0,0,0,Negative ,,,
6/15/2020,SF3,Nymph,NA,SF,43997 SF3,Day 3,No,0,0,0,0,Negative ,,,
6/15/2020,SF4,Nymph,NA,SF,43997 SF4,Day 1,No,0,0,0,0,Positive,R. amblyommatis,,
6/15/2020,SF4,Nymph,NA,SF,43997 SF4,Day 2,Yes,55,46.5,37,18.5,Positive,R. amblyommatis,,
6/15/2020,SF4,Nymph,NA,SF,43997 SF4,Day 3,Yes,22,22,26,26,Positive,R. amblyommatis,,
6/15/2020,SF5,Nymph,NA,SF,43997 SF5,Day 1,No,0,0,0,0,Negative ,,,
6/15/2020,SF5,Nymph,NA,SF,43997 SF5,Day 2,No,0,0,0,0,Negative ,,,
6/15/2020,SF5,Nymph,NA,SF,43997 SF5,Day 3,Yes,34,21.6,259,51.8,Negative ,,,
6/15/2020,SF6,Nymph,NA,SF,43997 SF6,Day 1,Yes,55,49.5,23,11.5,Negative ,,,
6/15/2020,SF6,Nymph,NA,SF,43997 SF6,Day 2,Yes,55,45.4,102,14.6,Negative ,,,
6/15/2020,SF6,Nymph,NA,SF,43997 SF6,Day 3,No,0,0,0,0,Negative ,,,
6/15/2020,SF7,Adult,Female,SF,43997 SF7,Day 1,Yes,55,37,13,6.5,Negative ,,,
6/15/2020,SF7,Adult,Female,SF,43997 SF7,Day 2,No,0,0,0,0,Negative ,,,
6/15/2020,SF7,Adult,Female,SF,43997 SF7,Day 3,No,0,0,0,0,Negative ,,,
6/15/2020,SF8,Nymph,NA,SF,43997 SF8,Day 1,Yes,55,33,155,77.5,Negative ,,,
6/15/2020,SF8,Nymph,NA,SF,43997 SF8,Day 2,No,0,0,0,0,Negative ,,,
6/15/2020,SF8,Nymph,NA,SF,43997 SF8,Day 3,No,0,0,0,0,Negative ,,,
6/15/2020,SF9,Nymph,NA,SF,43997 SF9,Day 1,No,0,0,0,0,Negative ,,,
6/15/2020,SF9,Nymph,NA,SF,43997 SF9,Day 2,Yes,55,46,145,36.3,Negative ,,,
6/15/2020,SF9,Nymph,NA,SF,43997 SF9,Day 3,No,0,0,0,0,Negative ,,,
6/15/2020,SF10,Nymph,NA,SF,43997 SF10,Day 1,No,0,0,0,0,Negative ,,,
6/15/2020,SF10,Nymph,NA,SF,43997 SF10,Day 2,Yes,15,15,3,3,Negative ,,,
6/15/2020,SF10,Nymph,NA,SF,43997 SF10,Day 3,Yes,16,16,27,27,Negative ,,,
6/15/2020,SF11,Nymph,NA,SF,43997 SF11,Day 1,No,0,0,0,0,Negative ,,,
6/15/2020,SF11,Nymph,NA,SF,43997 SF11,Day 2,No,0,0,0,0,Negative ,,,
6/15/2020,SF11,Nymph,NA,SF,43997 SF11,Day 3,No,0,0,0,0,Negative ,,,
6/15/2020,SF12,Adult,Female,SF,43997 SF12,Day 1,Yes,55,32,18,9,Negative ,,,
6/15/2020,SF12,Adult,Female,SF,43997 SF12,Day 2,Yes,55,34.8,32,6.4,Negative ,,,
6/15/2020,SF12,Adult,Female,SF,43997 SF12,Day 3,Yes,51,51,3,3,Negative ,,,
6/15/2020,SF13,Nymph,NA,SF,43997 SF13,Day 1,No,0,0,0,0,Positive,R. amblyommatis,,
6/15/2020,SF13,Nymph,NA,SF,43997 SF13,Day 2,Yes,45,35.5,438,219,Positive,R. amblyommatis,,
6/15/2020,SF13,Nymph,NA,SF,43997 SF13,Day 3,No,0,0,0,0,Positive,R. amblyommatis,,
6/15/2020,SF14,Nymph,NA,SF,43997 SF14,Day 1,Yes,21,15.5,66,33,Negative ,,,
6/15/2020,SF14,Nymph,NA,SF,43997 SF14,Day 2,No,0,0,0,0,Negative ,,,
6/15/2020,SF14,Nymph,NA,SF,43997 SF14,Day 3,No,0,0,0,0,Negative ,,,
6/15/2020,SF15,Nymph,NA,SF,43997 SF15,Day 1,Yes,52,34.2,177,29.5,Positive,R. amblyommatis,,
6/15/2020,SF15,Nymph,NA,SF,43997 SF15,Day 2,Yes,17,17,6,6,Positive,R. amblyommatis,,
6/15/2020,SF15,Nymph,NA,SF,43997 SF15,Day 3,No,0,0,0,0,Positive,R. amblyommatis,,
6/15/2020,SF16,Nymph,NA,SF,43997 SF16,Day 1,Yes,55,40,8,4,Positive,R. amblyommatis,,
6/15/2020,SF16,Nymph,NA,SF,43997 SF16,Day 2,Yes,55,45,21,7,Positive,R. amblyommatis,,
6/15/2020,SF16,Nymph,NA,SF,43997 SF16,Day 3,Yes,35,35,2,2,Positive,R. amblyommatis,,
6/15/2020,SF17,Adult,Female,SF,43997 SF17,Day 1,Yes,55,47,245,122.5,Positive,R. amblyommatis,,
6/15/2020,SF17,Adult,Female,SF,43997 SF17,Day 2,Yes,55,55,485,242.5,Positive,R. amblyommatis,,
6/15/2020,SF17,Adult,Female,SF,43997 SF17,Day 3,No,0,0,0,0,Positive,R. amblyommatis,,
6/15/2020,SF18,Nymph,NA,SF,43997 SF18,Day 1,Yes,55,55,73,36.5,Negative ,,,
6/15/2020,SF18,Nymph,NA,SF,43997 SF18,Day 2,Yes,55,40.3,133,14.8,Negative ,,,
6/15/2020,SF18,Nymph,NA,SF,43997 SF18,Day 3,Yes,55,45.8,190,23.8,Negative ,,,
6/15/2020,SF19,Nymph,NA,SF,43997 SF19,Day 1,No,0,0,0,0,Positive,R. amblyommatis,,
6/15/2020,SF19,Nymph,NA,SF,43997 SF19,Day 2,No,0,0,0,0,Positive,R. amblyommatis,,
6/15/2020,SF19,Nymph,NA,SF,43997 SF19,Day 3,No,0,0,0,0,Positive,R. amblyommatis,,
6/15/2020,SF20,Adult,Male,SF,43997 SF20,Day 1,No,0,0,0,0,Negative ,,,
6/15/2020,SF20,Adult,Male,SF,43997 SF20,Day 2,No,0,0,0,0,Negative ,,,
6/15/2020,SF20,Adult,Male,SF,43997 SF20,Day 3,No,0,0,0,0,Negative ,,,
6/15/2020,SF21,Nymph,NA,SF,43997 SF21,Day 1,No,0,0,0,0,Negative ,,,
6/15/2020,SF21,Nymph,NA,SF,43997 SF21,Day 2,No,0,0,0,0,Negative ,,,
6/15/2020,SF21,Nymph,NA,SF,43997 SF21,Day 3,No,0,0,0,0,Negative ,,,
6/15/2020,SF22,Adult,Male,SF,43997 SF22,Day 1,Yes,28,22.5,6,3,Negative ,,,
6/15/2020,SF22,Adult,Male,SF,43997 SF22,Day 2,No,0,0,0,0,Negative ,,,
6/15/2020,SF22,Adult,Male,SF,43997 SF22,Day 3,Yes,10,10,6,6,Negative ,,,
6/15/2020,SF23,Nymph,NA,SF,43997 SF23,Day 1,No,0,0,0,0,Negative ,,,
6/15/2020,SF23,Nymph,NA,SF,43997 SF23,Day 2,No,0,0,0,0,Negative ,,,
6/15/2020,SF23,Nymph,NA,SF,43997 SF23,Day 3,Yes,41,36.5,17,8.5,Negative ,,,
6/15/2020,SF24,Nymph,NA,SF,43997 SF24,Day 1,No,0,0,0,0,Negative ,,,
6/15/2020,SF24,Nymph,NA,SF,43997 SF24,Day 2,No,0,0,0,0,Negative ,,,
6/15/2020,SF24,Nymph,NA,SF,43997 SF24,Day 3,No,0,0,0,0,Negative ,,,
6/15/2020,SF25,Adult,Male,SF,43997 SF25,Day 1,No,0,0,0,0,Negative ,,,
6/15/2020,SF25,Adult,Male,SF,43997 SF25,Day 2,Yes,55,41.7,29,9.7,Negative ,,,
6/15/2020,SF25,Adult,Male,SF,43997 SF25,Day 3,Yes,55,51.7,44,11,Negative ,,,
7/3/2020,SR1,Adult,Female,SR,44015 SR1,Day 1,No,0,0,0,0,Negative ,,,
7/3/2020,SR1,Adult,Female,SR,44015 SR1,Day 2,No,0,0,0,0,Negative ,,,
7/3/2020,SR1,Adult,Female,SR,44015 SR1,Day 3,No,0,0,0,0,Negative ,,,
7/3/2020,SR2,Adult,Male,SR,44015 SR2,Day 1,No,0,0,0,0,Negative ,,,
7/3/2020,SR2,Adult,Male,SR,44015 SR2,Day 2,No,0,0,0,0,Negative ,,,
7/3/2020,SR2,Adult,Male,SR,44015 SR2,Day 3,No,0,0,0,0,Negative ,,,
7/3/2020,SR3,Adult,Female,SR,44015 SR3,Day 1,No,0,0,0,0,Positive,R. amblyommatis,,
7/3/2020,SR3,Adult,Female,SR,44015 SR3,Day 2,No,0,0,0,0,Positive,R. amblyommatis,,
7/3/2020,SR3,Adult,Female,SR,44015 SR3,Day 3,Yes,55,29.2,381,76.2,Positive,R. amblyommatis,,
7/3/2020,SR4,Adult,Female,SR,44015 SR4,Day 1,Yes,29,25,13,6.5,Negative ,,,
7/3/2020,SR4,Adult,Female,SR,44015 SR4,Day 2,Yes,55,55,23,23,Negative ,,,
7/3/2020,SR4,Adult,Female,SR,44015 SR4,Day 3,No,0,0,0,0,Negative ,,,
7/3/2020,SR5,Adult,Female,SR,44015 SR5,Day 1,Yes,55,32.2,394,78.8,Negative ,,,
7/3/2020,SR5,Adult,Female,SR,44015 SR5,Day 2,No,0,0,0,0,Negative ,,,
7/3/2020,SR5,Adult,Female,SR,44015 SR5,Day 3,Yes,33,27.7,165,55,Negative ,,,
7/3/2020,SR6,Adult,Female,SR,44015 SR6,Day 1,Yes,37,34.5,8,4,Negative ,,,
7/3/2020,SR6,Adult,Female,SR,44015 SR6,Day 2,No,0,0,0,0,Negative ,,,
7/3/2020,SR6,Adult,Female,SR,44015 SR6,Day 3,No,0,0,0,0,Negative ,,,
7/3/2020,SR7,Adult,Female,SR,44015 SR7,Day 1,No,0,0,0,0,Negative ,,,
7/3/2020,SR7,Adult,Female,SR,44015 SR7,Day 2,No,0,0,0,0,Negative ,,,
7/3/2020,SR7,Adult,Female,SR,44015 SR7,Day 3,Yes,55,41,73,24.3,Negative ,,,
7/3/2020,SR8,Nymph,NA,SR,44015 SR8,Day 1,Yes,11,11,9,9,Negative ,,,
7/3/2020,SR8,Nymph,NA,SR,44015 SR8,Day 2,No,0,0,0,0,Negative ,,,
7/3/2020,SR8,Nymph,NA,SR,44015 SR8,Day 3,Yes,42,41.5,284,142,Negative ,,,
7/3/2020,SR9,Adult,Female,SR,44015 SR9,Day 1,No,0,0,0,0,Positive,R. amblyommatis,,
7/3/2020,SR9,Adult,Female,SR,44015 SR9,Day 2,Yes,55,41,76,15.2,Positive,R. amblyommatis,,
7/3/2020,SR9,Adult,Female,SR,44015 SR9,Day 3,Yes,55,55,9,9,Positive,R. amblyommatis,,
7/3/2020,SR10,Adult,Female,SR,44015 SR10,Day 1,Yes,55,46.8,13,3.3,Positive,R. amblyommatis,,
7/3/2020,SR10,Adult,Female,SR,44015 SR10,Day 2,Yes,32,19.3,213,53.3,Positive,R. amblyommatis,,
7/3/2020,SR10,Adult,Female,SR,44015 SR10,Day 3,Yes,55,34.3,157,17.4,Positive,R. amblyommatis,,
7/3/2020,SR11,Nymph,NA,SR,44015 SR11,Day 1,No,0,0,0,0,Negative ,,,
7/3/2020,SR11,Nymph,NA,SR,44015 SR11,Day 2,No,0,0,0,0,Negative ,,,
7/3/2020,SR11,Nymph,NA,SR,44015 SR11,Day 3,No,0,0,0,0,Negative ,,,
7/3/2020,SR12,Adult,Female,SR,44015 SR12,Day 1,No,0,0,0,0,Positive,R. amblyommatis,,
7/3/2020,SR12,Adult,Female,SR,44015 SR12,Day 2,No,0,0,0,0,Positive,R. amblyommatis,,
7/3/2020,SR12,Adult,Female,SR,44015 SR12,Day 3,No,0,0,0,0,Positive,R. amblyommatis,,
7/3/2020,SR13,Adult,Female,SR,44015 SR13,Day 1,No,0,0,0,0,Negative ,,,
7/3/2020,SR13,Adult,Female,SR,44015 SR13,Day 2,No,0,0,0,0,Negative ,,,
7/3/2020,SR13,Adult,Female,SR,44015 SR13,Day 3,Yes,7,7,5,5,Negative ,,,
7/3/2020,SR14,Adult,Female,SR,44015 SR14,Day 1,Yes,38,33.8,500,125,Positive,R. amblyommatis,,
7/3/2020,SR14,Adult,Female,SR,44015 SR14,Day 2,No,0,0,0,0,Positive,R. amblyommatis,,
7/3/2020,SR14,Adult,Female,SR,44015 SR14,Day 3,No,0,0,0,0,Positive,R. amblyommatis,,
7/3/2020,SR15,Adult,Female,SR,44015 SR15,Day 1,Yes,49,37.3,253,42.2,Positive,R. amblyommatis,,
7/3/2020,SR15,Adult,Female,SR,44015 SR15,Day 2,No,0,0,0,0,Positive,R. amblyommatis,,
7/3/2020,SR15,Adult,Female,SR,44015 SR15,Day 3,Yes,3,2,213,106.5,Positive,R. amblyommatis,,
7/3/2020,SR16,Adult,Female,SR,44015 SR16,Day 1,No,0,0,0,0,Positive,Ehrlichia chaffeensis,,
7/3/2020,SR16,Adult,Female,SR,44015 SR16,Day 2,No,0,0,0,0,Positive,Ehrlichia chaffeensis,,
7/3/2020,SR16,Adult,Female,SR,44015 SR16,Day 3,No,0,0,0,0,Positive,Ehrlichia chaffeensis,,
7/3/2020,SR17,Adult,Male,SR,44015 SR17,Day 1,No,0,0,0,0,Negative ,,,
7/3/2020,SR17,Adult,Male,SR,44015 SR17,Day 2,Yes,12,8,360,120,Negative ,,,
7/3/2020,SR17,Adult,Male,SR,44015 SR17,Day 3,No,0,0,0,0,Negative ,,,
7/3/2020,SR18,Adult,Male,SR,44015 SR18,Day 1,Yes,26,26,5,5,Negative ,,,
7/3/2020,SR18,Adult,Male,SR,44015 SR18,Day 2,No,0,0,0,0,Negative ,,,
7/3/2020,SR18,Adult,Male,SR,44015 SR18,Day 3,No,0,0,0,0,Negative ,,,
7/10/2020,CW1,Adult,female,CW,44022 CW1,Day 1,Yes,55,29,71,35.5,Negative ,,,
7/10/2020,CW1,Adult,female,CW,44022 CW1,Day 2,Yes,44,24.3,423,70.5,Negative ,,,
7/10/2020,CW1,Adult,female,CW,44022 CW1,Day 3,Yes,55,39.2,175,35,Negative ,,,
7/10/2020,CW2,Adult,male,CW,44022 CW2,Day 1,No,0,0,0,0,Negative ,,,
7/10/2020,CW2,Adult,male,CW,44022 CW2,Day 2,No,0,0,0,0,Negative ,,,
7/10/2020,CW2,Adult,male,CW,44022 CW2,Day 3,No,0,0,0,0,Negative ,,,
7/10/2020,CW3,Adult,female,CW,44022 CW3,Day 1,No,0,0,0,0,Positive,R. amblyommatis,,
7/10/2020,CW3,Adult,female,CW,44022 CW3,Day 2,No,0,0,0,0,Positive,R. amblyommatis,,
7/10/2020,CW3,Adult,female,CW,44022 CW3,Day 3,No,0,0,0,0,Positive,R. amblyommatis,,
7/10/2020,CW4,Adult,female,CW,44022 CW4,Day 1,Yes,35,18,6,3,Negative ,,,
7/10/2020,CW4,Adult,female,CW,44022 CW4,Day 2,Yes,55,47.6,200,22.2,Negative ,,,
7/10/2020,CW4,Adult,female,CW,44022 CW4,Day 3,Yes,55,48.6,291,29.1,Negative ,,,
7/10/2020,CW5,Adult,male,CW,44022 CW5,Day 1,No,0,0,0,0,Negative ,,,
7/10/2020,CW5,Adult,male,CW,44022 CW5,Day 2,Yes,31,11.5,287,47.8,Negative ,,,
7/10/2020,CW5,Adult,male,CW,44022 CW5,Day 3,Yes,27,27,2,2,Negative ,,,
7/13/2020,CW1,Nymph,NA,CW,44025 CW1,Day 1,Yes,35,25.5,385,96.3,Negative ,,,
7/13/2020,CW1,Nymph,NA,CW,44025 CW1,Day 2,Yes,55,55,191,38.2,Negative ,,,
7/13/2020,CW1,Nymph,NA,CW,44025 CW1,Day 3,Yes,55,48.9,258,32.3,Negative ,,,
7/13/2020,CW2,Adult,male,CW,44025 CW2,Day 1,No,0,0,0,0,Negative ,,,
7/13/2020,CW2,Adult,male,CW,44025 CW2,Day 2,No,0,0,0,0,Negative ,,,
7/13/2020,CW2,Adult,male,CW,44025 CW2,Day 3,No,0,0,0,0,Negative ,,,
7/13/2020,CW3,Nymph,NA,CW,44025 CW3,Day 1,No,0,0,0,0,Positive,R. amblyommatis,,
7/13/2020,CW3,Nymph,NA,CW,44025 CW3,Day 2,Yes,34,25,440,220,Positive,R. amblyommatis,,
7/13/2020,CW3,Nymph,NA,CW,44025 CW3,Day 3,Yes,55,48.2,396,79.2,Positive,R. amblyommatis,,
7/13/2020,CW4,Adult,female,CW,44025 CW4,Day 1,Yes,28,18.2,224,44.8,Negative ,,,
7/13/2020,CW4,Adult,female,CW,44025 CW4,Day 2,Yes,11,7.3,70,17.5,Negative ,,,
7/13/2020,CW4,Adult,female,CW,44025 CW4,Day 3,No,0,0,0,0,Negative ,,,
7/13/2020,CW5,Nymph,NA,CW,44025 CW5,Day 1,No,0,0,0,0,Positive,R. amblyommatis,,
7/13/2020,CW5,Nymph,NA,CW,44025 CW5,Day 2,Yes,55,49,53,17.7,Positive,R. amblyommatis,,
7/13/2020,CW5,Nymph,NA,CW,44025 CW5,Day 3,No,0,0,0,0,Positive,R. amblyommatis,,
7/13/2020,CW6,Nymph,NA,CW,44025 CW6,Day 1,Yes,55,55,6,3,Positive,R. amblyommatis,,
7/13/2020,CW6,Nymph,NA,CW,44025 CW6,Day 2,Yes,55,53.7,401,57.3,Positive,R. amblyommatis,,
7/13/2020,CW6,Nymph,NA,CW,44025 CW6,Day 3,Yes,30,16,98,32.7,Positive,R. amblyommatis,,
7/13/2020,CW7,Adult,male,CW,44025 CW7,Day 1,Yes,55,31.6,282,56.4,Negative ,,,
7/13/2020,CW7,Adult,male,CW,44025 CW7,Day 2,Yes,49,42,110,22,Negative ,,,
7/13/2020,CW7,Adult,male,CW,44025 CW7,Day 3,Yes,55,27.3,8,2.7,Negative ,,,
7/13/2020,CW8,Nymph,NA,CW,44025 CW8,Day 1,Yes,55,29,4,2,Positive,R. amblyommatis,,
7/13/2020,CW8,Nymph,NA,CW,44025 CW8,Day 2,Yes,55,33.1,246,35.1,Positive,R. amblyommatis,,
7/13/2020,CW8,Nymph,NA,CW,44025 CW8,Day 3,Yes,27,21,210,105,Positive,R. amblyommatis,,
7/13/2020,CW9,Adult,female,CW,44025 CW9,Day 1,Yes,55,33.5,44,11,Negative ,,,
7/13/2020,CW9,Adult,female,CW,44025 CW9,Day 2,Yes,55,54.7,32,10.7,Negative ,,,
7/13/2020,CW9,Adult,female,CW,44025 CW9,Day 3,No,0,0,0,0,Negative ,,,
7/13/2020,CW10,Adult,female,CW,44025 CW10,Day 1,Yes,55,55,29,29,Negative ,,,
7/13/2020,CW10,Adult,female,CW,44025 CW10,Day 2,Yes,26,26,2,2,Negative ,,,
7/13/2020,CW10,Adult,female,CW,44025 CW10,Day 3,No,0,0,0,0,Negative ,,,
7/13/2020,CW11,Adult,male,CW,44025 CW11,Day 1,No,0,0,0,0,Positive,R. amblyommatis,,
7/13/2020,CW11,Adult,male,CW,44025 CW11,Day 2,No,0,0,0,0,Positive,R. amblyommatis,,
7/13/2020,CW11,Adult,male,CW,44025 CW11,Day 3,No,0,0,0,0,Positive,R. amblyommatis,,
7/13/2020,CW12,Adult,female,CW,44025 CW12,Day 1,Yes,55,46.5,16,8,Positive,R. amblyommatis,,
7/13/2020,CW12,Adult,female,CW,44025 CW12,Day 2,Yes,55,45.8,103,20.6,Positive,R. amblyommatis,,
7/13/2020,CW12,Adult,female,CW,44025 CW12,Day 3,No,0,0,0,0,Positive,R. amblyommatis,,
7/13/2020,CW13,Nymph,NA,CW,44025 CW13,Day 1,Yes,55,55,18,4.5,Positive,R. amblyommatis,,
7/13/2020,CW13,Nymph,NA,CW,44025 CW13,Day 2,No,0,0,0,0,Positive,R. amblyommatis,,
7/13/2020,CW13,Nymph,NA,CW,44025 CW13,Day 3,Yes,55,49.3,86,28.7,Positive,R. amblyommatis,,
7/13/2020,CW14,Adult,female,CW,44025 CW14,Day 1,Yes,55,34.7,15,5,Negative ,,,
7/13/2020,CW14,Adult,female,CW,44025 CW14,Day 2,Yes,30,15.5,31,15.5,Negative ,,,
7/13/2020,CW14,Adult,female,CW,44025 CW14,Day 3,No,0,0,0,0,Negative ,,,
